XANPARI20_008745-T1,CAL8575827.1,87.075,147,2,1,124,253,4,150,3.96e-80,248,87.07
XANPARI20_008745-T1,KAI4272362.1,75.172,145,20,1,103,247,1,129,1.64e-60,217,81.38
XANPARI20_008745-T1,CAL8575826.1,100.000,88,0,0,15,102,107,194,1.57e-54,186,100.00
XANPARI20_008745-T1,KAI4264806.1,65.132,152,36,1,100,234,31,182,5.48e-54,185,75.00
XANPARI20_008745-T1,KAI4264806.1,67.308,52,17,0,152,203,1,52,7.43e-10,70.1,76.92
XANPARI20_008745-T1,SLM38074.1,66.154,130,40,1,72,197,22,151,1.03e-44,159,76.15
XANPARI20_008745-T1,SLM38074.1,58.036,112,31,1,87,198,4,99,1.37e-28,117,67.86
XANPARI20_008745-T1,SLM38074.1,75.758,66,16,0,138,203,6,71,8.01e-22,100,81.82
XANPARI20_008745-T1,SLM36576.1,59.603,151,44,1,72,205,3,153,5.35e-44,159,68.21
XANPARI20_008745-T1,SLM36576.1,59.603,151,44,1,72,205,36,186,4.80e-43,156,68.21
XANPARI20_008745-T1,SLM36576.1,70.000,120,19,1,103,205,1,120,2.79e-41,152,73.33
XANPARI20_008745-T1,SLM36576.1,60.714,140,38,1,72,194,69,208,5.38e-41,151,67.86
XANPARI20_008745-T1,SLM36576.1,53.704,108,33,1,72,162,102,209,1.08e-20,98.6,63.89
XANPARI20_008745-T1,SLM36663.1,60.274,146,41,1,72,200,5,150,8.67e-42,151,66.44
XANPARI20_008745-T1,SLM36663.1,68.333,120,21,1,103,205,3,122,4.15e-39,144,72.50
XANPARI20_008745-T1,SLM36663.1,67.692,65,18,1,150,211,1,65,7.91e-14,79.0,75.38
XANPARI20_008745-T1,SLM36672.1,58.125,160,47,2,72,211,36,195,2.26e-41,153,66.25
XANPARI20_008745-T1,SLM36672.1,68.548,124,22,1,103,209,34,157,5.24e-40,149,70.97
XANPARI20_008745-T1,SLM36672.1,46.667,210,88,4,6,198,43,245,2.43e-38,145,56.67
XANPARI20_008745-T1,SLM36672.1,56.250,160,50,2,72,211,69,228,1.07e-37,144,61.88
XANPARI20_008745-T1,SLM36672.1,67.500,120,22,1,103,205,1,120,9.13e-36,139,70.00
XANPARI20_008745-T1,SLM36672.1,68.254,63,17,1,152,211,1,63,3.15e-12,76.6,71.43
XANPARI20_008745-T1,KAA6407579.1,58.861,158,46,2,72,210,1459,1616,4.42e-41,162,68.35
XANPARI20_008745-T1,KAA6407579.1,58.278,151,46,1,72,205,1623,1773,4.38e-38,154,66.23
XANPARI20_008745-T1,KAA6407579.1,66.129,124,25,1,100,206,1618,1741,1.81e-36,149,71.77
XANPARI20_008745-T1,KAA6407579.1,66.667,123,24,1,100,205,1816,1938,2.11e-36,149,71.54
XANPARI20_008745-T1,KAA6407579.1,64.800,125,27,1,96,203,2712,2836,4.34e-36,148,72.80
XANPARI20_008745-T1,KAA6407579.1,60.714,140,37,2,87,209,1441,1579,4.46e-36,148,69.29
XANPARI20_008745-T1,KAA6407579.1,57.931,145,50,1,72,205,2217,2361,9.72e-36,147,66.90
XANPARI20_008745-T1,KAA6407579.1,56.376,149,48,1,72,203,1821,1969,1.48e-35,147,65.77
XANPARI20_008745-T1,KAA6407579.1,69.298,114,18,1,100,196,2452,2565,1.96e-35,146,73.68
XANPARI20_008745-T1,KAA6407579.1,56.944,144,45,1,77,203,2726,2869,5.59e-35,145,64.58
XANPARI20_008745-T1,KAA6407579.1,55.263,152,51,1,72,206,1557,1708,1.47e-34,144,65.13
XANPARI20_008745-T1,KAA6407579.1,52.795,161,58,2,63,206,2077,2236,6.85e-34,142,63.35
XANPARI20_008745-T1,KAA6407579.1,54.194,155,54,1,72,209,2655,2809,9.41e-34,141,63.23
XANPARI20_008745-T1,KAA6407579.1,54.839,155,50,2,77,211,1529,1683,2.32e-33,140,63.87
XANPARI20_008745-T1,KAA6407579.1,63.710,124,28,1,100,206,1783,1906,2.71e-33,140,70.16
XANPARI20_008745-T1,KAA6407579.1,63.200,125,29,1,96,203,2481,2605,2.71e-33,140,69.60
XANPARI20_008745-T1,KAA6407579.1,54.362,149,51,1,72,203,2754,2902,3.75e-33,140,62.42
XANPARI20_008745-T1,KAA6407579.1,54.362,149,51,1,72,203,2490,2638,1.33e-32,138,63.76
XANPARI20_008745-T1,KAA6407579.1,50.888,169,54,2,72,211,1351,1519,1.60e-31,135,57.40
XANPARI20_008745-T1,KAA6407579.1,61.364,132,31,2,100,211,2419,2550,1.88e-31,135,65.91
XANPARI20_008745-T1,KAA6407579.1,52.349,149,54,1,72,203,1986,2134,2.39e-30,132,62.42
XANPARI20_008745-T1,KAA6407579.1,54.225,142,48,1,70,194,1283,1424,3.41e-30,131,64.08
XANPARI20_008745-T1,KAA6407579.1,60.976,123,31,1,100,205,1981,2103,4.55e-30,130,67.48
XANPARI20_008745-T1,KAA6407579.1,61.157,121,30,1,100,203,2584,2704,2.55e-29,129,66.94
XANPARI20_008745-T1,KAA6407579.1,60.163,123,32,1,100,205,1948,2070,3.04e-29,128,66.67
XANPARI20_008745-T1,KAA6407579.1,59.459,111,28,1,96,189,2844,2954,1.09e-23,112,65.77
XANPARI20_008745-T1,KAA6407579.1,61.000,100,23,1,104,203,1284,1367,1.85e-22,108,67.00
XANPARI20_008745-T1,KAA6407579.1,45.882,170,60,3,72,209,2310,2479,2.07e-22,108,55.29
XANPARI20_008745-T1,KAA6407579.1,60.606,66,26,0,138,203,1269,1334,1.66e-10,73.9,68.18
XANPARI20_008745-T1,SLM36658.1,61.111,144,49,2,79,222,58,194,5.47e-41,150,70.83
XANPARI20_008745-T1,SLM36658.1,64.078,103,30,2,103,205,1,96,8.13e-25,108,71.84
XANPARI20_008745-T1,SLM36658.1,37.113,97,35,1,72,168,127,197,0.013,48.9,45.36
XANPARI20_008745-T1,SLM38392.1,68.333,120,21,1,103,205,1,120,9.20e-41,147,74.17
XANPARI20_008745-T1,SLM38392.1,56.198,121,36,1,72,175,3,123,2.41e-28,116,65.29
XANPARI20_008745-T1,XP_067503105.1,45.226,199,91,2,72,253,3,200,1.24e-40,150,58.79
XANPARI20_008745-T1,XP_067503105.1,56.589,129,39,1,103,214,1,129,6.48e-35,135,68.22
XANPARI20_008745-T1,KAK3170554.1,60.274,146,41,1,77,205,841,986,1.58e-40,161,69.18
XANPARI20_008745-T1,KAK3170554.1,54.268,164,57,2,59,205,989,1151,8.54e-39,156,64.63
XANPARI20_008745-T1,KAK3170554.1,65.354,127,27,1,96,205,827,953,7.26e-37,150,69.29
XANPARI20_008745-T1,KAK3170554.1,56.954,151,48,1,72,205,869,1019,8.31e-37,150,64.90
XANPARI20_008745-T1,KAK3170554.1,56.954,151,48,1,72,205,1034,1184,2.39e-36,149,64.90
XANPARI20_008745-T1,KAK3170554.1,56.291,151,49,1,72,205,902,1052,1.83e-35,146,64.24
XANPARI20_008745-T1,KAK3170554.1,55.000,140,46,1,72,194,1067,1206,8.18e-31,133,64.29
XANPARI20_008745-T1,KAK3170554.1,75.714,70,16,1,136,205,819,887,1.62e-19,100,78.57
XANPARI20_008745-T1,KAK3170554.1,43.262,141,63,1,72,195,1100,1240,1.82e-19,100,57.45
XANPARI20_008745-T1,SLM36246.1,57.500,160,48,2,72,211,3,162,1.81e-40,151,63.12
XANPARI20_008745-T1,SLM36246.1,54.839,155,53,1,72,209,36,190,3.43e-37,142,63.23
XANPARI20_008745-T1,SLM36246.1,43.810,210,94,4,6,198,43,245,3.35e-35,137,56.67
XANPARI20_008745-T1,SLM36246.1,63.393,112,22,2,103,211,1,96,5.60e-28,119,65.18
XANPARI20_008745-T1,KAA6408092.1,58.940,151,45,1,72,205,1365,1515,2.40e-40,160,70.20
XANPARI20_008745-T1,KAA6408092.1,59.603,151,44,1,72,205,1530,1680,1.41e-38,155,66.89
XANPARI20_008745-T1,KAA6408092.1,57.419,155,49,1,72,209,1497,1651,2.60e-38,154,64.52
XANPARI20_008745-T1,KAA6408092.1,53.179,173,62,2,54,209,1316,1486,5.98e-37,150,61.27
XANPARI20_008745-T1,KAA6408092.1,55.000,160,52,2,72,211,1398,1557,2.84e-36,149,65.62
XANPARI20_008745-T1,KAA6408092.1,56.954,151,48,1,72,205,1629,1779,3.82e-36,148,66.23
XANPARI20_008745-T1,KAA6408092.1,55.625,160,51,2,72,211,1662,1821,4.59e-36,148,63.75
XANPARI20_008745-T1,KAA6408092.1,64.567,127,28,1,96,205,861,987,1.81e-35,146,70.08
XANPARI20_008745-T1,KAA6408092.1,55.000,160,52,2,72,211,870,1029,1.88e-35,146,63.75
XANPARI20_008745-T1,KAA6408092.1,54.967,151,51,1,72,205,1101,1251,2.66e-35,146,64.90
XANPARI20_008745-T1,KAA6408092.1,56.250,160,50,2,72,211,1695,1854,4.39e-35,145,63.12
XANPARI20_008745-T1,KAA6408092.1,65.854,123,25,1,100,205,1294,1416,5.69e-35,145,70.73
XANPARI20_008745-T1,KAA6408092.1,55.629,151,50,1,72,205,969,1119,6.03e-35,145,64.90
XANPARI20_008745-T1,KAA6408092.1,55.629,151,50,1,72,205,1134,1284,6.26e-35,145,64.24
XANPARI20_008745-T1,KAA6408092.1,52.469,162,59,2,61,205,992,1152,1.93e-34,143,62.96
XANPARI20_008745-T1,KAA6408092.1,52.903,155,56,1,72,209,936,1090,4.05e-33,139,61.94
XANPARI20_008745-T1,KAA6408092.1,52.469,162,59,2,61,205,1157,1317,7.70e-33,139,61.73
XANPARI20_008745-T1,KAA6408092.1,56.115,139,44,1,72,193,1728,1866,3.13e-30,131,63.31
XANPARI20_008745-T1,SLM36391.1,53.448,174,60,3,58,211,25,197,2.85e-40,150,60.92
XANPARI20_008745-T1,SLM36391.1,52.047,171,61,3,61,211,61,230,4.61e-37,141,60.82
XANPARI20_008745-T1,SLM36391.1,55.039,129,41,1,72,183,104,232,1.63e-27,117,62.02
XANPARI20_008745-T1,SLM36391.1,50.000,66,33,0,69,134,167,232,1.56e-05,57.8,62.12
XANPARI20_008745-T1,SLM37411.1,58.278,151,46,1,72,205,36,186,5.06e-40,149,66.89
XANPARI20_008745-T1,SLM37411.1,56.954,151,48,1,72,205,69,219,1.13e-37,143,64.24
XANPARI20_008745-T1,SLM37411.1,65.546,119,24,1,104,205,35,153,2.97e-33,131,68.07
XANPARI20_008745-T1,SLM37411.1,55.372,121,37,1,72,175,102,222,1.66e-24,108,64.46
XANPARI20_008745-T1,SLM37411.1,58.036,112,28,2,103,211,1,96,2.50e-21,100,60.71
XANPARI20_008745-T1,SLM37996.1,68.217,129,21,2,103,211,1,129,6.48e-40,146,68.99
XANPARI20_008745-T1,SLM37996.1,67.213,122,23,1,96,200,27,148,1.45e-38,142,70.49
XANPARI20_008745-T1,SLM37996.1,44.348,115,46,2,54,168,53,149,3.51e-12,74.3,52.17
XANPARI20_008745-T1,SLM38766.1,71.681,113,15,1,103,198,1,113,7.83e-40,145,73.45
XANPARI20_008745-T1,SLM38766.1,54.955,111,33,1,72,165,3,113,1.47e-23,103,63.96
XANPARI20_008745-T1,SLM38766.1,71.429,63,15,1,152,211,1,63,2.60e-15,81.6,74.60
XANPARI20_008745-T1,SLM37317.1,53.750,160,54,2,72,211,22,181,1.26e-39,147,63.75
XANPARI20_008745-T1,SLM37317.1,60.584,137,37,1,87,206,4,140,9.25e-39,145,67.88
XANPARI20_008745-T1,SLM37317.1,57.042,142,44,1,72,196,55,196,1.77e-38,144,66.90
XANPARI20_008745-T1,SLM37317.1,63.303,109,23,1,118,209,2,110,2.21e-30,123,69.72
XANPARI20_008745-T1,SLM36667.1,56.954,151,48,1,72,205,3,153,1.37e-39,149,67.55
XANPARI20_008745-T1,SLM36667.1,69.492,118,19,1,103,203,1,118,4.04e-39,147,72.88
XANPARI20_008745-T1,SLM36667.1,54.967,151,51,1,72,205,102,252,5.17e-35,137,64.24
XANPARI20_008745-T1,SLM36667.1,40.107,187,88,4,6,175,76,255,7.22e-21,100,52.41
XANPARI20_008745-T1,SLM36667.1,71.429,63,15,1,152,211,1,63,6.02e-14,81.6,74.60
XANPARI20_008745-T1,SLM37523.1,55.625,160,51,2,72,211,3,162,1.79e-39,146,64.38
XANPARI20_008745-T1,SLM37523.1,65.957,94,16,1,103,196,1,78,1.68e-24,107,69.15
XANPARI20_008745-T1,KAK3174277.1,53.988,163,57,2,60,205,1089,1250,1.86e-39,158,66.26
XANPARI20_008745-T1,KAK3174277.1,56.291,151,49,1,72,205,968,1118,1.15e-37,152,66.89
XANPARI20_008745-T1,KAK3174277.1,52.903,155,56,1,72,209,836,990,2.27e-36,149,65.16
XANPARI20_008745-T1,KAK3174277.1,50.920,163,62,2,60,205,924,1085,1.27e-35,147,65.03
XANPARI20_008745-T1,KAK3174277.1,50.307,163,63,2,60,205,1122,1283,1.59e-34,144,63.80
XANPARI20_008745-T1,KAK3174277.1,50.993,151,57,1,72,205,1001,1151,2.46e-32,137,65.56
XANPARI20_008745-T1,KAK3174277.1,46.023,176,62,2,72,214,688,863,1.79e-31,135,59.66
XANPARI20_008745-T1,KAK3174277.1,37.805,246,121,6,5,226,586,823,2.37e-31,134,56.50
XANPARI20_008745-T1,KAK3174277.1,45.614,171,60,1,72,209,721,891,2.46e-31,134,59.06
XANPARI20_008745-T1,KAK3174277.1,47.368,152,62,2,60,194,1155,1305,5.56e-30,130,66.45
XANPARI20_008745-T1,KAK3174277.1,37.333,150,76,2,60,192,1188,1336,1.18e-15,89.0,54.67
XANPARI20_008745-T1,SLM37388.1,53.216,171,59,3,61,211,26,195,2.13e-39,147,63.16
XANPARI20_008745-T1,SLM37388.1,56.250,160,50,2,72,211,3,162,6.53e-39,145,63.75
XANPARI20_008745-T1,SLM37388.1,54.839,155,52,2,61,198,59,212,8.47e-37,140,64.52
XANPARI20_008745-T1,SLM37388.1,64.167,120,26,1,103,205,1,120,2.84e-33,131,68.33
XANPARI20_008745-T1,SLM37231.1,56.376,149,48,1,72,203,3,151,2.25e-39,145,66.44
XANPARI20_008745-T1,SLM37231.1,65.116,129,25,2,103,211,1,129,3.91e-38,142,68.22
XANPARI20_008745-T1,SLM37231.1,64.045,89,15,1,100,171,64,152,8.91e-23,102,69.66
XANPARI20_008745-T1,KAA6412630.1,56.173,162,54,1,70,214,882,1043,2.43e-39,157,65.43
XANPARI20_008745-T1,KAA6412630.1,64.463,121,26,1,93,196,938,1058,1.66e-33,140,70.25
XANPARI20_008745-T1,KAA6412630.1,51.479,169,56,2,72,214,1016,1184,1.32e-32,138,59.76
XANPARI20_008745-T1,KAA6412630.1,58.915,129,36,1,87,198,1073,1201,7.38e-32,136,67.44
XANPARI20_008745-T1,KAA6412630.1,57.143,77,30,1,138,211,868,944,3.35e-11,75.9,63.64
XANPARI20_008745-T1,KAA6412630.1,46.809,94,34,1,72,165,1124,1201,1.01e-09,71.6,56.38
XANPARI20_008745-T1,SLM36517.1,46.635,208,87,4,6,196,10,210,2.49e-39,147,57.21
XANPARI20_008745-T1,SLM36517.1,57.616,151,47,1,72,205,36,186,4.41e-39,146,65.56
XANPARI20_008745-T1,SLM36517.1,57.616,151,47,1,72,205,3,153,8.07e-39,145,64.90
XANPARI20_008745-T1,SLM36517.1,65.116,129,25,2,103,211,1,129,9.41e-37,140,67.44
XANPARI20_008745-T1,KAA6409958.1,58.599,157,48,1,70,209,116,272,2.64e-39,154,65.61
XANPARI20_008745-T1,KAA6409958.1,51.667,180,68,2,50,212,296,473,2.42e-36,146,60.00
XANPARI20_008745-T1,KAA6409958.1,56.954,151,48,1,72,205,151,301,1.08e-35,144,64.90
XANPARI20_008745-T1,KAA6409958.1,53.750,160,54,2,72,211,349,508,5.55e-33,137,63.75
XANPARI20_008745-T1,KAA6409958.1,54.194,155,54,1,72,209,250,404,2.42e-32,135,61.94
XANPARI20_008745-T1,KAA6409958.1,48.701,154,61,2,61,197,372,524,1.59e-26,119,61.69
XANPARI20_008745-T1,KAA6409958.1,57.143,77,30,1,138,211,102,178,1.50e-09,70.9,62.34
XANPARI20_008745-T1,KAA6415656.1,57.500,160,48,2,72,211,1181,1340,3.08e-39,157,65.62
XANPARI20_008745-T1,KAA6415656.1,57.500,160,48,2,72,211,983,1142,1.06e-38,155,65.62
XANPARI20_008745-T1,KAA6415656.1,58.389,149,45,1,72,203,950,1098,2.05e-38,155,67.79
XANPARI20_008745-T1,KAA6415656.1,56.875,160,49,2,72,211,1280,1439,7.79e-38,153,64.38
XANPARI20_008745-T1,KAA6415656.1,56.790,162,50,2,70,211,816,977,8.10e-38,153,65.43
XANPARI20_008745-T1,KAA6415656.1,54.386,171,57,3,61,211,874,1043,2.38e-37,152,63.16
XANPARI20_008745-T1,KAA6415656.1,56.667,150,47,1,72,203,1445,1594,9.49e-37,150,65.33
XANPARI20_008745-T1,KAA6415656.1,57.616,151,47,1,72,205,851,1001,1.20e-36,150,65.56
XANPARI20_008745-T1,KAA6415656.1,56.250,160,50,2,72,211,1082,1241,4.38e-36,148,63.12
XANPARI20_008745-T1,KAA6415656.1,56.376,149,48,1,72,203,1346,1494,7.76e-34,141,64.43
XANPARI20_008745-T1,KAA6415656.1,45.946,185,49,2,72,205,1379,1563,4.58e-29,128,52.97
XANPARI20_008745-T1,KAA6415656.1,63.235,68,25,0,138,205,802,869,2.26e-12,79.7,69.12
XANPARI20_008745-T1,SLM36674.1,71.053,114,16,1,103,199,1,114,3.08e-39,143,72.81
XANPARI20_008745-T1,SLM36674.1,52.679,112,36,1,72,166,3,114,2.35e-21,97.8,62.50
XANPARI20_008745-T1,SLM36674.1,75.926,54,13,0,152,205,1,54,5.19e-14,78.6,79.63
XANPARI20_008745-T1,SLM38786.1,70.536,112,16,1,103,197,1,112,3.12e-39,143,74.11
XANPARI20_008745-T1,SLM38786.1,53.636,110,34,1,72,164,3,112,9.83e-22,98.6,62.73
XANPARI20_008745-T1,SLM38786.1,69.841,63,16,1,152,211,1,63,3.38e-14,78.6,73.02
XANPARI20_008745-T1,SLM37703.1,59.028,144,42,1,72,198,36,179,4.98e-39,145,65.97
XANPARI20_008745-T1,SLM37703.1,65.323,124,26,1,103,209,1,124,1.72e-37,141,69.35
XANPARI20_008745-T1,SLM37703.1,55.629,151,50,1,72,205,3,153,3.05e-37,140,64.90
XANPARI20_008745-T1,SLM37662.1,60.741,135,36,1,72,189,3,137,5.17e-39,144,68.15
XANPARI20_008745-T1,SLM37662.1,66.667,120,23,1,103,205,1,120,6.62e-37,139,70.83
XANPARI20_008745-T1,XP_066717805.1,63.333,120,27,1,103,205,1,120,5.31e-39,144,71.67
XANPARI20_008745-T1,XP_066717805.1,48.936,141,55,1,72,195,3,143,2.04e-30,122,63.12
XANPARI20_008745-T1,XP_066717805.1,68.966,58,18,0,152,209,1,58,2.08e-14,80.1,77.59
XANPARI20_008745-T1,KAK5309118.1,58.824,136,39,1,87,205,51,186,5.84e-39,145,70.59
XANPARI20_008745-T1,KAK5309118.1,47.020,151,63,1,72,205,3,153,2.49e-29,120,65.56
XANPARI20_008745-T1,KAK5309118.1,51.786,112,35,2,103,211,1,96,6.93e-21,99.0,65.18
XANPARI20_008745-T1,SLM36590.1,69.492,118,19,1,103,203,1,118,6.23e-39,145,70.34
XANPARI20_008745-T1,SLM36590.1,65.354,127,27,1,96,205,60,186,3.24e-38,144,70.08
XANPARI20_008745-T1,SLM36590.1,62.500,136,34,1,96,214,27,162,5.31e-38,143,67.65
XANPARI20_008745-T1,SLM36590.1,57.241,145,45,1,72,199,69,213,6.79e-36,138,65.52
XANPARI20_008745-T1,SLM36905.1,61.765,136,35,1,87,205,84,219,7.82e-39,146,68.38
XANPARI20_008745-T1,SLM36905.1,58.333,144,43,1,72,198,102,245,1.79e-37,143,65.97
XANPARI20_008745-T1,SLM36905.1,66.957,115,21,1,108,205,72,186,3.69e-33,132,69.57
XANPARI20_008745-T1,SLM36905.1,60.833,120,30,1,103,205,1,120,1.60e-25,112,66.67
XANPARI20_008745-T1,SLM34305.1,58.824,153,46,1,70,205,813,965,8.62e-39,155,66.67
XANPARI20_008745-T1,SLM34305.1,49.432,176,72,2,54,214,898,1071,5.51e-33,139,59.66
XANPARI20_008745-T1,SLM34305.1,62.308,130,29,2,102,211,975,1104,7.21e-33,139,67.69
XANPARI20_008745-T1,SLM34305.1,59.483,116,30,1,96,194,1002,1117,2.40e-27,123,68.10
XANPARI20_008745-T1,SLM34305.1,57.143,77,30,1,138,211,799,875,9.64e-11,74.7,62.34
XANPARI20_008745-T1,SLM37412.1,65.891,129,18,1,103,205,1,129,8.65e-39,145,67.44
XANPARI20_008745-T1,SLM37412.1,55.346,159,51,2,73,211,46,204,5.70e-38,143,63.52
XANPARI20_008745-T1,SLM37412.1,54.375,160,47,2,72,205,3,162,5.01e-36,138,61.88
XANPARI20_008745-T1,SLM37412.1,53.488,129,43,1,72,183,78,206,2.18e-26,113,62.79
XANPARI20_008745-T1,XP_067503106.1,61.417,127,32,1,96,205,13,139,9.42e-39,143,72.44
XANPARI20_008745-T1,XP_067503106.1,58.491,106,27,1,87,175,37,142,6.07e-28,115,69.81
XANPARI20_008745-T1,XP_067503106.1,61.290,62,24,0,144,205,12,73,7.40e-12,73.2,75.81
XANPARI20_008745-T1,XP_067503106.1,44.776,67,36,1,60,126,77,142,0.001,50.8,62.69
XANPARI20_008745-T1,KAK1840600.1,54.717,159,53,2,62,203,1063,1219,1.05e-38,155,66.04
XANPARI20_008745-T1,KAK1840600.1,58.824,136,39,1,87,205,1053,1188,1.60e-36,149,69.12
XANPARI20_008745-T1,KAK1840600.1,52.147,163,60,2,60,205,994,1155,3.44e-35,145,61.96
XANPARI20_008745-T1,KAK1840600.1,51.553,161,59,2,62,205,964,1122,1.05e-33,141,61.49
XANPARI20_008745-T1,KAK1840600.1,52.288,153,51,2,75,205,937,1089,2.00e-33,140,62.75
XANPARI20_008745-T1,KAK1840600.1,50.000,158,57,3,62,202,1129,1281,1.15e-30,132,60.76
XANPARI20_008745-T1,KAK1840600.1,46.269,67,33,2,141,205,925,990,0.011,50.4,62.69
XANPARI20_008745-T1,SLM37362.1,65.116,129,25,2,103,211,1,129,1.21e-38,142,67.44
XANPARI20_008745-T1,SLM37362.1,53.788,132,44,1,72,186,3,134,1.44e-29,119,63.64
XANPARI20_008745-T1,KAK5071395.1,58.824,136,39,1,87,205,97,232,1.37e-38,146,70.59
XANPARI20_008745-T1,KAK5071395.1,49.007,151,60,1,72,205,16,166,9.10e-31,126,65.56
XANPARI20_008745-T1,KAK5071395.1,50.735,136,47,2,96,211,7,142,3.95e-28,119,66.91
XANPARI20_008745-T1,KAK5071395.1,60.000,65,26,0,141,205,3,67,8.72e-13,78.2,80.00
XANPARI20_008745-T1,SLM36627.1,56.522,161,43,2,72,205,51,211,1.78e-38,145,62.73
XANPARI20_008745-T1,SLM36627.1,67.480,123,23,1,100,205,46,168,2.43e-38,145,69.92
XANPARI20_008745-T1,SLM36627.1,71.304,115,23,3,103,211,1,111,2.71e-36,139,74.78
XANPARI20_008745-T1,SLM36627.1,50.877,171,55,3,54,197,68,236,2.05e-33,132,57.89
XANPARI20_008745-T1,KAJ9654757.1,55.862,145,47,1,76,203,41,185,1.79e-38,153,67.59
XANPARI20_008745-T1,SLM38367.1,64.516,124,27,1,92,198,32,155,1.85e-38,142,70.97
XANPARI20_008745-T1,SLM38367.1,64.567,127,25,2,105,211,12,138,3.86e-37,139,67.72
XANPARI20_008745-T1,SLM38367.1,54.955,111,33,1,72,165,45,155,8.87e-23,102,63.96
XANPARI20_008745-T1,OSS47259.1,52.663,169,61,2,54,205,199,365,1.93e-38,151,63.91
XANPARI20_008745-T1,OSS47259.1,50.000,180,70,3,54,216,265,441,4.75e-37,147,62.22
XANPARI20_008745-T1,OSS47259.1,55.629,151,50,1,72,205,149,299,3.05e-36,145,65.56
XANPARI20_008745-T1,OSS47259.1,52.980,151,54,1,72,205,116,266,1.23e-31,132,64.90
XANPARI20_008745-T1,OSS47259.1,51.825,137,49,1,72,191,314,450,1.76e-27,121,63.50
XANPARI20_008745-T1,OSS47259.1,61.165,103,24,1,103,205,114,200,2.91e-24,112,69.90
XANPARI20_008745-T1,OSS47259.1,60.294,68,27,0,138,205,100,167,3.49e-11,75.5,72.06
XANPARI20_008745-T1,OSS47259.1,46.575,73,39,0,72,144,380,452,1.00e-06,62.4,61.64
XANPARI20_008745-T1,SLM38707.1,69.231,117,19,1,103,202,1,117,2.42e-38,141,70.94
XANPARI20_008745-T1,SLM38707.1,79.630,54,11,0,152,205,1,54,2.01e-15,82.0,81.48
XANPARI20_008745-T1,SLM38045.1,63.566,129,30,1,103,214,1,129,3.40e-38,142,68.99
XANPARI20_008745-T1,SLM38045.1,55.556,144,47,1,72,198,3,146,8.38e-35,133,64.58
XANPARI20_008745-T1,SLM36262.1,56.944,144,45,1,72,198,3,146,3.42e-38,142,65.97
XANPARI20_008745-T1,SLM36262.1,66.102,118,23,1,103,203,1,118,8.83e-37,139,70.34
XANPARI20_008745-T1,SLM36262.1,74.545,55,14,0,152,206,1,55,9.90e-14,79.0,80.00
XANPARI20_008745-T1,PZC91926.1,54.967,151,51,1,72,205,524,674,3.59e-38,153,68.21
XANPARI20_008745-T1,PZC91926.1,60.630,127,33,1,96,205,482,608,5.34e-34,141,70.08
XANPARI20_008745-T1,PZC91926.1,52.941,136,47,1,72,190,557,692,2.58e-29,128,65.44
XANPARI20_008745-T1,PZC91926.1,54.545,66,24,1,79,144,636,695,2.81e-09,70.1,69.70
XANPARI20_008745-T1,KAI0570476.1,54.967,151,51,1,72,205,524,674,3.81e-38,153,68.21
XANPARI20_008745-T1,KAI0570476.1,60.630,127,33,1,96,205,482,608,5.66e-34,141,70.08
XANPARI20_008745-T1,KAI0570476.1,52.941,136,47,1,72,190,557,692,2.71e-29,128,65.44
XANPARI20_008745-T1,KAI0570476.1,54.545,66,24,1,79,144,636,695,2.84e-09,70.1,69.70
XANPARI20_008745-T1,KAI4090512.1,56.954,151,48,1,72,205,190,340,4.27e-38,147,64.90
XANPARI20_008745-T1,KAI4090512.1,48.000,200,69,4,27,209,130,311,1.02e-36,144,54.50
XANPARI20_008745-T1,KAI4090512.1,57.500,80,17,1,96,158,280,359,1.68e-11,75.9,61.25
XANPARI20_008745-T1,KAI4090512.1,48.101,79,40,1,60,138,278,355,7.05e-08,65.5,60.76
XANPARI20_008745-T1,SLM37706.1,63.566,129,30,1,103,214,1,129,4.44e-38,141,68.99
XANPARI20_008745-T1,SLM37706.1,55.556,144,47,1,72,198,3,146,1.33e-34,132,64.58
XANPARI20_008745-T1,MCJ1460237.1,58.000,150,39,2,78,203,964,1113,4.68e-38,154,65.33
XANPARI20_008745-T1,MCJ1460237.1,51.786,168,47,1,72,205,882,1049,3.76e-35,145,57.74
XANPARI20_008745-T1,MCJ1460237.1,52.381,147,36,2,93,205,870,1016,1.34e-28,126,59.18
XANPARI20_008745-T1,MCJ1460237.1,62.963,108,23,1,104,194,848,955,8.98e-27,121,66.67
XANPARI20_008745-T1,MCJ1460237.1,55.556,117,35,1,72,171,998,1114,1.66e-24,114,64.96
XANPARI20_008745-T1,MCJ1460237.1,65.152,66,23,0,138,203,833,898,3.25e-13,82.0,71.21
XANPARI20_008745-T1,SLM38027.1,66.667,120,23,1,96,198,60,179,4.71e-38,142,72.50
XANPARI20_008745-T1,SLM38027.1,52.976,168,52,4,103,244,1,167,4.93e-35,134,57.14
XANPARI20_008745-T1,SLM38027.1,52.258,155,57,1,72,209,3,157,1.43e-33,131,57.42
XANPARI20_008745-T1,SLM38027.1,55.405,74,17,1,92,165,122,179,9.15e-10,68.6,63.51
XANPARI20_008745-T1,XP_056837237.1,46.847,222,86,4,5,205,704,914,4.94e-38,154,55.86
XANPARI20_008745-T1,XP_056837237.1,49.375,160,63,2,63,205,624,782,1.88e-31,134,64.38
XANPARI20_008745-T1,XP_056837237.1,52.206,136,48,1,87,205,944,1079,3.17e-29,128,66.91
XANPARI20_008745-T1,XP_056837237.1,48.344,151,61,1,72,205,863,1013,1.14e-27,124,62.91
XANPARI20_008745-T1,XP_056837237.1,45.342,161,69,2,62,205,987,1145,1.64e-27,123,61.49
XANPARI20_008745-T1,XP_056837237.1,55.118,127,40,1,96,205,623,749,4.45e-27,122,66.93
XANPARI20_008745-T1,XP_056837237.1,39.269,219,109,4,4,205,835,1046,1.00e-26,121,53.88
XANPARI20_008745-T1,XP_056837237.1,54.464,112,34,1,111,205,605,716,1.17e-20,103,62.50
XANPARI20_008745-T1,XP_056837237.1,51.546,97,30,1,100,179,1056,1152,4.01e-16,90.5,65.98
XANPARI20_008745-T1,SLM38628.1,56.944,144,45,1,72,198,3,146,6.01e-38,141,66.67
XANPARI20_008745-T1,SLM38628.1,66.102,118,23,1,103,203,1,118,2.82e-37,139,70.34
XANPARI20_008745-T1,SLM38628.1,65.079,63,19,1,152,211,1,63,1.28e-11,72.8,69.84
XANPARI20_008745-T1,XP_066707693.1,52.349,149,54,1,72,203,3,151,6.47e-38,144,65.77
XANPARI20_008745-T1,XP_066707693.1,50.968,155,59,1,72,209,36,190,2.90e-36,140,63.87
XANPARI20_008745-T1,XP_066707693.1,48.466,163,66,2,60,205,58,219,1.30e-35,138,62.58
XANPARI20_008745-T1,XP_066707693.1,59.677,124,33,1,103,209,1,124,5.16e-35,137,68.55
XANPARI20_008745-T1,XP_066707693.1,51.389,144,53,1,72,198,102,245,1.29e-33,133,64.58
XANPARI20_008745-T1,SLM37389.1,58.333,144,43,1,72,198,3,146,6.62e-38,141,65.97
XANPARI20_008745-T1,SLM37389.1,65.000,120,25,1,103,205,1,120,6.52e-35,133,69.17
XANPARI20_008745-T1,SLM37230.1,60.584,137,37,1,86,205,36,172,7.56e-38,143,68.61
XANPARI20_008745-T1,SLM37230.1,63.359,131,31,1,96,209,13,143,1.57e-37,142,68.70
XANPARI20_008745-T1,SLM37230.1,57.746,142,43,1,72,196,55,196,3.20e-37,141,65.49
XANPARI20_008745-T1,SLM37230.1,68.831,77,21,1,138,211,6,82,5.81e-19,94.4,74.03
XANPARI20_008745-T1,SLM37230.1,69.565,69,14,2,100,165,149,213,1.26e-14,82.4,75.36
XANPARI20_008745-T1,SLM37230.1,66.667,39,13,0,167,205,2,40,0.003,51.2,76.92
XANPARI20_008745-T1,KAI0570039.1,55.705,149,49,1,72,203,64,212,9.55e-38,149,67.79
XANPARI20_008745-T1,KAI0570039.1,55.629,151,50,1,72,205,97,247,1.98e-37,148,68.87
XANPARI20_008745-T1,KAI0570039.1,58.394,137,40,1,86,205,144,280,6.11e-36,144,70.07
XANPARI20_008745-T1,KAI0570039.1,45.729,199,81,4,72,244,163,360,4.88e-35,141,58.79
XANPARI20_008745-T1,KAI0570039.1,52.318,151,55,1,72,205,31,181,4.97e-33,136,66.23
XANPARI20_008745-T1,KAI0570039.1,56.693,127,38,1,100,209,290,416,1.22e-29,127,66.93
XANPARI20_008745-T1,KAI0570039.1,59.664,119,29,2,96,211,22,124,1.95e-28,124,69.75
XANPARI20_008745-T1,KAI0570039.1,55.963,109,31,1,100,191,323,431,1.04e-23,110,68.81
XANPARI20_008745-T1,KAI0570039.1,58.442,77,31,1,127,203,5,80,1.67e-12,79.3,70.13
XANPARI20_008745-T1,KAI0570039.1,60.377,53,21,0,92,144,381,433,1.62e-07,64.7,75.47
XANPARI20_008745-T1,KAK0507602.1,53.125,160,57,2,63,205,1218,1376,1.01e-37,153,65.62
XANPARI20_008745-T1,KAK0507602.1,52.083,144,52,1,72,198,1259,1402,2.29e-34,143,69.44
XANPARI20_008745-T1,KAK0507602.1,62.500,120,28,1,103,205,1158,1277,6.92e-34,142,71.67
XANPARI20_008745-T1,KAK0507602.1,51.656,151,56,1,72,205,1160,1310,2.66e-33,140,64.90
XANPARI20_008745-T1,KAK0507602.1,49.231,130,62,1,72,197,1325,1454,2.35e-27,123,70.77
XANPARI20_008745-T1,KAK0507602.1,66.176,68,23,0,138,205,1144,1211,1.18e-14,86.3,73.53
XANPARI20_008745-T1,KAK0507602.1,46.939,98,34,1,94,173,1400,1497,1.10e-13,83.6,64.29
XANPARI20_008745-T1,SLM37912.1,55.128,156,52,2,60,198,25,179,1.12e-37,141,63.46
XANPARI20_008745-T1,SLM37912.1,64.800,125,27,1,96,203,27,151,2.18e-37,140,69.60
XANPARI20_008745-T1,SLM37912.1,66.667,120,23,1,103,205,1,120,2.49e-36,138,69.17
XANPARI20_008745-T1,KAI1673449.1,55.629,151,50,1,72,205,1143,1293,1.23e-37,152,66.89
XANPARI20_008745-T1,KAI1673449.1,53.020,149,53,1,72,203,821,969,2.35e-34,143,66.44
XANPARI20_008745-T1,KAI1673449.1,56.716,134,41,1,87,203,803,936,4.88e-33,139,68.66
XANPARI20_008745-T1,KAI1673449.1,53.020,149,53,1,72,203,920,1068,7.10e-33,139,64.43
XANPARI20_008745-T1,KAI1673449.1,46.023,176,53,1,72,205,1019,1194,4.07e-32,137,55.68
XANPARI20_008745-T1,KAI1673449.1,51.656,151,56,1,72,205,854,1004,5.28e-32,136,64.24
XANPARI20_008745-T1,KAI1673449.1,52.857,140,49,1,72,194,953,1092,5.22e-30,130,65.00
XANPARI20_008745-T1,KAI1673449.1,60.163,123,32,1,100,205,783,905,7.52e-30,130,67.48
XANPARI20_008745-T1,KAI1673449.1,45.775,142,60,1,72,196,1176,1317,4.74e-23,110,59.86
XANPARI20_008745-T1,KAI1673449.1,62.500,72,27,0,134,205,768,839,4.82e-15,87.4,73.61
XANPARI20_008745-T1,SLM38208.1,69.912,113,17,1,103,198,1,113,1.46e-37,139,71.68
XANPARI20_008745-T1,SLM38208.1,55.856,111,32,1,72,165,3,113,5.97e-24,104,63.06
XANPARI20_008745-T1,SLM38208.1,69.841,63,16,1,152,211,1,63,4.54e-14,78.2,71.43
XANPARI20_008745-T1,XP_060289214.1,51.656,151,56,1,72,205,3,153,1.61e-37,140,66.89
XANPARI20_008745-T1,XP_060289214.1,61.864,118,28,1,103,203,1,118,5.27e-37,139,72.88
XANPARI20_008745-T1,XP_060289214.1,46.923,130,51,2,63,175,28,156,1.16e-23,104,63.85
XANPARI20_008745-T1,XP_060289214.1,67.241,58,19,0,152,209,1,58,4.22e-13,77.0,75.86
XANPARI20_008745-T1,SLM36912.1,54.839,155,50,2,77,211,41,195,1.75e-37,142,65.81
XANPARI20_008745-T1,SLM36912.1,53.750,160,54,2,72,211,3,162,8.06e-37,140,61.88
XANPARI20_008745-T1,SLM36912.1,54.839,155,52,2,61,198,59,212,4.04e-36,139,65.16
XANPARI20_008745-T1,SLM36912.1,65.000,120,25,1,103,205,1,120,4.22e-34,133,68.33
XANPARI20_008745-T1,KAJ0286999.1,50.932,161,61,2,60,203,94,253,2.04e-37,146,64.60
XANPARI20_008745-T1,KAJ0286999.1,60.833,120,30,1,103,205,37,156,6.30e-32,132,68.33
XANPARI20_008745-T1,KAJ0286999.1,49.057,159,62,2,62,203,196,352,8.10e-32,132,61.01
XANPARI20_008745-T1,KAJ0286999.1,56.489,131,40,1,96,209,96,226,4.97e-31,129,64.89
XANPARI20_008745-T1,KAJ0286999.1,47.500,160,65,2,54,196,23,180,2.33e-29,125,59.38
XANPARI20_008745-T1,KAJ0286999.1,47.205,161,66,3,62,205,163,321,1.83e-28,123,59.63
XANPARI20_008745-T1,KAJ0286999.1,46.980,149,60,2,62,193,229,375,2.76e-25,114,60.40
XANPARI20_008745-T1,SLM36386.1,65.833,120,24,1,103,205,1,120,2.22e-37,140,70.00
XANPARI20_008745-T1,SLM36386.1,53.846,143,49,1,72,197,3,145,9.89e-33,128,62.94
XANPARI20_008745-T1,KAK7700564.1,55.714,140,45,1,87,209,15,154,2.30e-37,147,70.71
XANPARI20_008745-T1,KAK7700564.1,47.500,160,67,1,79,221,40,199,1.27e-29,126,60.62
XANPARI20_008745-T1,KAK7700564.1,44.242,165,65,3,72,209,66,230,3.35e-25,114,60.00
XANPARI20_008745-T1,KAK7700564.1,47.222,144,49,1,87,203,114,257,7.65e-25,113,61.11
XANPARI20_008745-T1,KAK7700564.1,62.745,51,19,0,159,209,5,55,2.19e-06,61.2,70.59
XANPARI20_008745-T1,SLM37472.1,65.833,120,24,1,103,205,1,120,2.54e-37,139,70.00
XANPARI20_008745-T1,SLM37472.1,53.425,146,51,1,72,200,3,148,1.40e-33,130,62.33
XANPARI20_008745-T1,KAL1646788.1,56.291,151,49,1,72,205,1137,1287,2.71e-37,151,66.23
XANPARI20_008745-T1,KAL1646788.1,55.128,156,53,1,72,210,1071,1226,4.34e-37,151,65.38
XANPARI20_008745-T1,KAL1646788.1,54.967,151,51,1,72,205,1170,1320,1.06e-35,147,64.90
XANPARI20_008745-T1,KAL1646788.1,55.629,151,50,1,72,205,972,1122,1.08e-34,144,64.24
XANPARI20_008745-T1,KAL1646788.1,54.305,151,52,1,72,205,906,1056,3.36e-33,140,62.25
XANPARI20_008745-T1,KAL1646788.1,56.552,145,37,2,78,205,888,1023,2.45e-32,137,62.07
XANPARI20_008745-T1,KAL1646788.1,61.345,119,39,1,87,205,846,957,1.25e-30,132,71.43
XANPARI20_008745-T1,KAL1646788.1,52.206,136,48,1,72,190,1203,1338,2.06e-27,123,63.24
XANPARI20_008745-T1,KAL1646788.1,61.765,68,26,0,138,205,815,882,6.19e-13,81.3,73.53
XANPARI20_008745-T1,KAL1646788.1,47.115,104,38,1,72,158,1236,1339,1.38e-12,80.1,59.62
XANPARI20_008745-T1,KAF4310787.1,56.291,151,49,1,72,205,599,749,2.89e-37,151,66.23
XANPARI20_008745-T1,KAF4310787.1,55.629,151,50,1,72,205,698,848,2.00e-36,149,65.56
XANPARI20_008745-T1,KAF4310787.1,55.629,151,50,1,72,205,665,815,3.74e-35,145,65.56
XANPARI20_008745-T1,KAF4310787.1,62.992,127,30,1,96,205,590,716,5.34e-35,145,70.87
XANPARI20_008745-T1,KAF4310787.1,52.318,151,55,1,72,205,731,881,1.72e-32,137,64.24
XANPARI20_008745-T1,KAF4310787.1,47.651,149,61,1,72,203,797,945,4.65e-27,122,62.42
XANPARI20_008745-T1,KAF4310787.1,47.020,151,63,1,72,205,764,914,1.87e-25,117,60.93
XANPARI20_008745-T1,KAF4310787.1,61.765,102,23,1,104,205,565,650,2.14e-23,111,67.65
XANPARI20_008745-T1,KAF4310787.1,41.722,151,71,1,72,205,830,980,1.43e-21,106,59.60
XANPARI20_008745-T1,SLM36297.1,55.629,151,50,1,72,205,36,186,3.22e-37,143,66.23
XANPARI20_008745-T1,SLM36297.1,55.705,149,49,1,72,203,3,151,1.50e-36,141,65.77
XANPARI20_008745-T1,SLM36297.1,51.852,162,60,2,61,205,59,219,1.35e-35,139,61.73
XANPARI20_008745-T1,SLM36297.1,58.915,129,36,1,87,198,117,245,3.47e-34,135,68.22
XANPARI20_008745-T1,SLM36297.1,60.484,124,32,1,103,209,1,124,6.68e-31,126,68.55
XANPARI20_008745-T1,SLM36297.1,43.689,103,41,2,63,165,160,245,5.90e-09,67.8,54.37
XANPARI20_008745-T1,KAK3176513.1,56.944,144,45,1,77,203,751,894,4.10e-37,151,69.44
XANPARI20_008745-T1,KAK3176513.1,56.849,146,46,1,77,205,850,995,1.33e-36,149,68.49
XANPARI20_008745-T1,KAK3176513.1,56.849,146,46,1,77,205,883,1028,1.21e-35,147,66.44
XANPARI20_008745-T1,KAK3176513.1,52.469,162,57,2,70,211,645,806,4.61e-34,142,63.58
XANPARI20_008745-T1,KAK3176513.1,62.992,127,30,1,96,205,1001,1127,6.71e-34,142,67.72
XANPARI20_008745-T1,KAK3176513.1,62.903,124,29,1,96,202,1034,1157,2.01e-32,137,67.74
XANPARI20_008745-T1,KAK3176513.1,55.474,137,44,1,86,205,727,863,1.88e-31,134,68.61
XANPARI20_008745-T1,KAK3176513.1,53.571,112,35,1,77,171,1048,1159,4.60e-20,102,62.50
XANPARI20_008745-T1,KAK3176513.1,63.636,66,24,0,138,203,631,696,6.79e-12,78.2,71.21
XANPARI20_008745-T1,SLM36632.1,66.379,116,22,1,100,198,73,188,4.20e-37,141,71.55
XANPARI20_008745-T1,SLM36632.1,53.254,169,50,3,72,211,3,171,5.16e-37,140,60.95
XANPARI20_008745-T1,SLM36632.1,61.538,130,24,1,103,206,1,130,3.46e-35,136,65.38
XANPARI20_008745-T1,SLM36632.1,43.750,128,36,2,72,199,111,202,3.65e-16,86.7,52.34
XANPARI20_008745-T1,SLM40296.1,63.704,135,31,2,95,211,894,1028,4.89e-37,150,68.89
XANPARI20_008745-T1,SLM40296.1,45.545,202,79,4,14,198,761,948,3.75e-33,139,57.43
XANPARI20_008745-T1,SLM40296.1,51.124,178,63,4,54,211,888,1061,1.58e-32,137,57.87
XANPARI20_008745-T1,SLM40296.1,57.724,123,29,2,78,183,947,1063,7.96e-26,118,61.79
XANPARI20_008745-T1,SLM40296.1,50.000,66,33,0,69,134,998,1063,1.90e-05,58.9,62.12
XANPARI20_008745-T1,KAI0617054.1,54.305,151,52,1,72,205,1034,1184,6.17e-37,150,66.89
XANPARI20_008745-T1,KAI0617054.1,53.793,145,44,2,78,205,1079,1217,1.01e-31,135,66.21
XANPARI20_008745-T1,KAI0617054.1,53.030,132,39,2,79,193,1113,1238,4.21e-29,128,68.18
XANPARI20_008745-T1,KAI0617054.1,40.559,143,68,1,72,197,1133,1275,9.61e-20,100,59.44
XANPARI20_008745-T1,KAI0617054.1,57.353,68,29,0,138,205,1018,1085,1.57e-12,80.1,70.59
XANPARI20_008745-T1,KAI0571047.1,54.305,151,52,1,72,205,1034,1184,6.17e-37,150,66.89
XANPARI20_008745-T1,KAI0571047.1,53.793,145,44,2,78,205,1079,1217,9.91e-32,135,66.21
XANPARI20_008745-T1,KAI0571047.1,53.030,132,39,2,79,193,1113,1238,4.17e-29,128,68.18
XANPARI20_008745-T1,KAI0571047.1,40.559,143,68,1,72,197,1133,1275,9.61e-20,100,59.44
XANPARI20_008745-T1,KAI0571047.1,57.353,68,29,0,138,205,1018,1085,1.58e-12,80.1,70.59
XANPARI20_008745-T1,SLM37473.1,62.121,132,33,1,100,214,31,162,6.18e-37,140,68.18
XANPARI20_008745-T1,SLM37473.1,50.000,176,69,2,54,212,20,193,1.26e-36,140,59.66
XANPARI20_008745-T1,SLM37473.1,63.333,120,27,1,103,205,1,120,9.14e-32,127,67.50
XANPARI20_008745-T1,SLM37473.1,50.000,160,61,2,54,196,53,210,3.06e-31,125,60.62
XANPARI20_008745-T1,XP_037174314.1,56.164,146,47,1,77,205,1007,1152,6.61e-37,150,69.18
XANPARI20_008745-T1,XP_037174314.1,57.353,136,41,1,87,205,984,1119,3.24e-35,145,70.59
XANPARI20_008745-T1,XP_037174314.1,57.353,136,41,1,87,205,1281,1416,1.27e-34,144,70.59
XANPARI20_008745-T1,XP_037174314.1,49.080,163,65,2,60,205,1420,1581,2.09e-34,143,65.03
XANPARI20_008745-T1,XP_037174314.1,54.412,136,45,1,87,205,951,1086,3.72e-34,142,70.59
XANPARI20_008745-T1,XP_037174314.1,54.412,136,45,1,87,205,786,921,5.41e-34,142,70.59
XANPARI20_008745-T1,XP_037174314.1,56.618,136,42,1,87,205,1050,1185,7.65e-34,142,69.12
XANPARI20_008745-T1,XP_037174314.1,52.778,144,51,1,79,205,1339,1482,9.54e-34,141,68.06
XANPARI20_008745-T1,XP_037174314.1,49.080,163,65,2,60,205,1156,1317,3.49e-33,140,63.80
XANPARI20_008745-T1,XP_037174314.1,55.882,136,43,1,87,205,1083,1218,7.59e-33,139,69.12
XANPARI20_008745-T1,XP_037174314.1,52.083,144,52,1,79,205,646,789,1.10e-32,138,68.06
XANPARI20_008745-T1,XP_037174314.1,58.268,127,36,1,96,205,927,1053,2.27e-32,137,70.87
XANPARI20_008745-T1,XP_037174314.1,55.147,136,44,1,87,205,753,888,2.38e-32,137,69.12
XANPARI20_008745-T1,XP_037174314.1,51.370,146,54,1,77,205,1403,1548,4.44e-32,136,67.12
XANPARI20_008745-T1,XP_037174314.1,54.412,136,45,1,87,205,588,723,6.45e-32,136,69.12
XANPARI20_008745-T1,XP_037174314.1,47.239,163,68,2,60,205,826,987,1.30e-31,135,63.80
XANPARI20_008745-T1,XP_037174314.1,57.480,127,37,1,96,205,1224,1350,1.42e-31,135,70.08
XANPARI20_008745-T1,XP_037174314.1,51.370,146,54,1,77,205,1106,1251,7.60e-31,133,66.44
XANPARI20_008745-T1,XP_037174314.1,55.118,127,40,1,96,205,696,822,8.35e-30,130,70.08
XANPARI20_008745-T1,XP_037174314.1,57.895,114,31,1,109,205,577,690,1.80e-26,120,68.42
XANPARI20_008745-T1,XP_037174314.1,56.522,115,33,1,96,193,1488,1602,7.40e-26,119,70.43
XANPARI20_008745-T1,XP_037174314.1,42.857,105,44,1,87,191,1545,1633,6.20e-11,75.5,62.86
XANPARI20_008745-T1,XP_037174314.1,62.712,59,22,0,147,205,566,624,1.02e-09,71.6,76.27
XANPARI20_008745-T1,OSS43276.1,53.548,155,55,1,72,209,1676,1830,6.79e-37,150,66.45
XANPARI20_008745-T1,OSS43276.1,61.417,127,32,1,96,205,1271,1397,1.57e-35,146,72.44
XANPARI20_008745-T1,OSS43276.1,42.857,217,100,4,6,205,1221,1430,2.23e-34,143,58.06
XANPARI20_008745-T1,OSS43276.1,52.349,149,54,1,72,203,1709,1857,4.54e-34,142,67.79
XANPARI20_008745-T1,OSS43276.1,50.993,151,57,1,72,205,1181,1331,1.92e-33,140,66.89
XANPARI20_008745-T1,OSS43276.1,52.349,149,54,1,72,203,1643,1791,4.73e-33,139,65.77
XANPARI20_008745-T1,OSS43276.1,48.171,164,67,2,59,205,1928,2090,6.18e-33,139,63.41
XANPARI20_008745-T1,OSS43276.1,60.000,125,33,1,96,203,1634,1758,1.28e-32,138,70.40
XANPARI20_008745-T1,OSS43276.1,42.326,215,100,4,6,203,1848,2055,2.26e-32,137,57.21
XANPARI20_008745-T1,OSS43276.1,51.678,149,55,1,72,203,1841,1989,4.34e-32,136,63.76
XANPARI20_008745-T1,OSS43276.1,59.843,127,34,1,96,205,874,1000,5.85e-32,136,68.50
XANPARI20_008745-T1,OSS43276.1,57.812,128,37,1,95,205,1567,1694,7.43e-32,136,68.75
XANPARI20_008745-T1,OSS43276.1,47.222,180,74,3,43,205,858,1033,8.83e-32,135,58.33
XANPARI20_008745-T1,OSS43276.1,51.678,149,55,1,72,203,1742,1890,4.38e-31,134,65.10
XANPARI20_008745-T1,OSS43276.1,48.148,162,66,2,59,203,1433,1593,6.75e-31,133,61.73
XANPARI20_008745-T1,OSS43276.1,49.677,155,61,1,72,209,1577,1731,1.18e-30,132,61.94
XANPARI20_008745-T1,OSS43276.1,50.331,151,58,1,72,205,1511,1661,1.27e-30,132,64.24
XANPARI20_008745-T1,OSS43276.1,48.387,155,63,1,72,209,1379,1533,1.92e-30,132,62.58
XANPARI20_008745-T1,OSS43276.1,49.664,149,58,1,72,203,1346,1494,2.09e-30,132,63.76
XANPARI20_008745-T1,OSS43276.1,53.147,143,44,2,78,203,1325,1461,2.44e-30,131,65.73
XANPARI20_008745-T1,OSS43276.1,40.092,217,106,4,6,205,1749,1958,2.44e-30,131,55.76
XANPARI20_008745-T1,OSS43276.1,41.553,219,100,4,6,205,890,1099,3.65e-30,131,53.88
XANPARI20_008745-T1,OSS43276.1,49.669,151,59,1,72,205,1148,1298,1.36e-29,129,62.91
XANPARI20_008745-T1,OSS43276.1,53.333,135,46,1,86,203,1129,1263,6.12e-29,127,65.19
XANPARI20_008745-T1,OSS43276.1,48.684,152,60,1,72,205,1048,1199,2.73e-28,125,62.50
XANPARI20_008745-T1,OSS43276.1,49.600,125,46,1,72,179,1973,2097,3.57e-22,108,63.20
XANPARI20_008745-T1,USP74433.1,54.967,151,51,1,72,205,1050,1200,8.48e-37,150,66.23
XANPARI20_008745-T1,USP74433.1,54.305,151,52,1,72,205,1017,1167,9.89e-37,150,67.55
XANPARI20_008745-T1,USP74433.1,51.875,160,59,2,63,205,1075,1233,8.48e-34,141,63.12
XANPARI20_008745-T1,USP74433.1,51.656,151,56,1,72,205,918,1068,3.65e-33,139,64.90
XANPARI20_008745-T1,USP74433.1,58.268,127,36,1,96,205,909,1035,9.28e-32,135,67.72
XANPARI20_008745-T1,USP74433.1,53.571,140,48,1,72,194,1116,1255,2.80e-31,134,66.43
XANPARI20_008745-T1,USP74433.1,56.364,110,32,1,96,205,876,969,1.85e-24,114,65.45
XANPARI20_008745-T1,USP74433.1,47.222,108,40,1,72,162,1149,1256,1.10e-14,86.3,62.04
XANPARI20_008745-T1,USP74433.1,60.294,68,27,0,138,205,869,936,8.87e-12,77.8,67.65
XANPARI20_008745-T1,SLM36583.1,66.949,118,22,1,103,203,1,118,8.71e-37,140,70.34
XANPARI20_008745-T1,SLM36583.1,61.029,136,33,2,96,211,27,162,6.36e-36,138,66.18
XANPARI20_008745-T1,SLM36583.1,51.875,160,59,2,61,203,59,217,3.08e-35,136,63.75
XANPARI20_008745-T1,SLM36583.1,55.714,140,45,1,87,209,51,190,4.56e-33,130,65.71
XANPARI20_008745-T1,SLM36583.1,41.530,183,83,4,6,171,43,218,3.79e-20,97.4,49.73
XANPARI20_008745-T1,SLM36583.1,74.074,54,14,0,152,205,1,54,5.17e-12,75.5,75.93
XANPARI20_008745-T1,RAQ98684.1,46.119,219,90,4,6,205,790,999,9.70e-37,150,57.08
XANPARI20_008745-T1,RAQ98684.1,50.993,151,57,1,72,205,882,1032,1.31e-33,141,65.56
XANPARI20_008745-T1,RAQ98684.1,54.861,144,42,3,79,205,730,867,9.73e-32,135,65.28
XANPARI20_008745-T1,RAQ98684.1,56.693,127,38,1,96,205,708,834,3.20e-31,134,67.72
XANPARI20_008745-T1,RAQ98684.1,54.331,127,41,1,96,205,939,1065,3.00e-28,125,66.93
XANPARI20_008745-T1,RAQ98684.1,46.795,156,56,2,77,205,953,1108,4.18e-27,122,59.62
XANPARI20_008745-T1,RAQ98684.1,48.361,122,36,1,96,190,1005,1126,2.33e-18,97.1,58.20
XANPARI20_008745-T1,RAQ98684.1,55.556,72,32,0,134,205,697,768,1.73e-11,77.0,70.83
XANPARI20_008745-T1,RAQ98684.1,55.319,47,21,0,96,142,1081,1127,0.002,53.1,72.34
XANPARI20_008745-T1,SLM37433.1,65.517,116,23,1,103,201,1,116,1.01e-36,137,73.28
XANPARI20_008745-T1,SLM37433.1,50.909,110,37,1,72,164,3,112,5.61e-20,94.0,62.73
XANPARI20_008745-T1,SLM37433.1,70.370,54,16,0,152,205,1,54,1.86e-11,71.6,77.78
XANPARI20_008745-T1,KAF5482711.1,46.429,196,84,2,31,205,273,468,1.02e-36,149,59.69
XANPARI20_008745-T1,KAF5482711.1,53.425,146,51,1,77,205,521,666,2.83e-35,145,67.81
XANPARI20_008745-T1,KAF5482711.1,53.425,146,51,1,77,205,554,699,5.25e-34,142,67.12
XANPARI20_008745-T1,KAF5482711.1,52.055,146,53,1,77,205,422,567,9.11e-34,141,67.81
XANPARI20_008745-T1,KAF5482711.1,51.111,135,49,1,77,194,587,721,9.93e-29,127,68.15
XANPARI20_008745-T1,KAF5482711.1,40.972,144,66,2,62,188,607,748,1.19e-18,97.8,61.81
XANPARI20_008745-T1,SLM36913.1,52.121,165,46,1,72,203,3,167,1.09e-36,139,58.79
XANPARI20_008745-T1,SLM36913.1,61.029,136,20,2,103,205,1,136,1.02e-34,134,62.50
XANPARI20_008745-T1,SLM36913.1,75.862,58,14,0,152,209,1,58,2.99e-15,84.0,77.59
XANPARI20_008745-T1,SLM36913.1,56.790,81,18,1,96,159,109,189,1.36e-12,76.6,61.73
XANPARI20_008745-T1,SLM36913.1,46.914,81,39,1,72,152,118,194,1.01e-06,60.5,59.26
XANPARI20_008745-T1,SLM37980.1,68.376,117,20,1,103,202,20,136,1.22e-36,139,69.23
XANPARI20_008745-T1,SLM37980.1,56.291,151,49,1,72,205,22,172,1.33e-36,138,62.91
XANPARI20_008745-T1,SLM37980.1,66.019,103,18,1,118,203,2,104,3.76e-28,117,67.96
XANPARI20_008745-T1,SLM37980.1,53.333,120,39,1,72,174,55,174,1.67e-22,102,59.17
XANPARI20_008745-T1,SLM37980.1,72.222,72,20,0,138,209,6,77,4.79e-20,95.9,76.39
XANPARI20_008745-T1,XP_037168112.1,61.194,134,35,1,87,203,335,468,1.22e-36,149,70.90
XANPARI20_008745-T1,XP_037168112.1,55.705,149,49,1,72,203,485,633,1.13e-35,146,65.77
XANPARI20_008745-T1,XP_037168112.1,56.376,149,48,1,72,203,386,534,2.03e-35,145,65.10
XANPARI20_008745-T1,XP_037168112.1,50.000,180,57,3,59,205,258,437,2.36e-34,142,57.22
XANPARI20_008745-T1,XP_037168112.1,54.967,151,51,1,72,205,353,503,5.48e-34,141,63.58
XANPARI20_008745-T1,XP_037168112.1,53.642,151,53,1,72,205,452,602,2.12e-32,137,61.59
XANPARI20_008745-T1,XP_037168112.1,53.077,130,44,1,72,184,518,647,2.59e-24,114,61.54
XANPARI20_008745-T1,PZD22707.1,58.824,136,39,1,87,205,803,938,1.32e-36,149,69.85
XANPARI20_008745-T1,PZD22707.1,53.642,151,53,1,72,205,821,971,1.31e-34,144,65.56
XANPARI20_008745-T1,PZD22707.1,53.020,149,53,1,72,203,920,1068,1.96e-34,143,66.44
XANPARI20_008745-T1,PZD22707.1,49.102,167,67,2,72,221,953,1118,1.57e-32,138,63.47
XANPARI20_008745-T1,PZD22707.1,59.843,127,34,1,96,205,878,1004,1.45e-31,135,67.72
XANPARI20_008745-T1,PZD22707.1,50.327,153,50,1,72,198,1019,1171,4.17e-31,134,61.44
XANPARI20_008745-T1,PZD22707.1,53.731,134,36,2,96,203,1010,1143,7.41e-27,121,61.94
XANPARI20_008745-T1,PZD22707.1,60.377,106,26,1,100,205,783,872,1.47e-24,115,67.92
XANPARI20_008745-T1,PZD22707.1,62.500,72,27,0,134,205,768,839,4.29e-15,87.4,73.61
XANPARI20_008745-T1,KAJ4383808.1,55.556,153,51,1,70,205,516,668,1.51e-36,149,67.32
XANPARI20_008745-T1,KAJ4383808.1,47.826,184,78,2,72,237,772,955,1.59e-35,146,61.41
XANPARI20_008745-T1,KAJ4383808.1,64.228,123,27,1,100,205,579,701,4.40e-35,145,72.36
XANPARI20_008745-T1,KAJ4383808.1,48.276,174,50,1,72,205,650,823,3.25e-33,140,58.05
XANPARI20_008745-T1,KAJ4383808.1,47.701,174,51,2,72,205,617,790,4.69e-30,130,57.47
XANPARI20_008745-T1,KAJ4383808.1,43.386,189,52,2,72,205,805,993,3.29e-27,122,52.38
XANPARI20_008745-T1,KAJ4383808.1,62.136,103,22,1,106,191,1133,1235,4.21e-25,116,70.87
XANPARI20_008745-T1,KAJ4383808.1,34.513,226,49,3,72,198,838,1063,1.16e-19,100,43.81
XANPARI20_008745-T1,KAJ4383808.1,41.096,146,72,4,74,205,424,569,6.79e-14,84.0,55.48
XANPARI20_008745-T1,KAJ4383808.1,37.356,174,61,6,95,222,965,1136,1.34e-12,80.1,49.43
XANPARI20_008745-T1,KAJ4383808.1,65.957,47,16,0,96,142,1189,1235,3.21e-07,64.3,80.85
XANPARI20_008745-T1,SLM33330.1,56.250,144,46,1,79,205,32,175,1.52e-36,139,65.28
XANPARI20_008745-T1,SLM33330.1,50.000,140,51,2,62,184,50,187,1.68e-26,113,58.57
XANPARI20_008745-T1,SLM33330.1,56.122,98,27,1,112,209,32,113,1.60e-17,89.7,60.20
XANPARI20_008745-T1,KAL2045548.1,61.194,134,35,1,89,205,860,993,1.61e-36,149,71.64
XANPARI20_008745-T1,KAL2045548.1,60.606,132,35,1,96,210,966,1097,1.42e-35,146,71.21
XANPARI20_008745-T1,KAL2045548.1,62.205,127,31,1,96,205,900,1026,3.14e-35,145,71.65
XANPARI20_008745-T1,KAL2045548.1,57.639,144,38,2,79,205,922,1059,4.44e-35,145,65.97
XANPARI20_008745-T1,KAL2045548.1,52.381,147,52,2,61,190,965,1110,2.44e-30,131,65.99
XANPARI20_008745-T1,KAL2045548.1,55.000,80,19,1,96,158,1032,1111,9.57e-12,77.8,63.75
XANPARI20_008745-T1,KAL2045548.1,61.224,49,19,0,96,144,1065,1113,1.75e-06,62.0,77.55
XANPARI20_008745-T1,PZD22415.1,48.851,174,60,3,87,243,94,255,1.85e-36,141,60.92
XANPARI20_008745-T1,PZD22415.1,54.305,151,52,1,72,205,13,163,3.67e-36,140,65.56
XANPARI20_008745-T1,PZD22415.1,59.055,127,35,1,96,205,4,130,5.73e-33,132,67.72
XANPARI20_008745-T1,PZD22415.1,49.390,164,65,2,59,205,34,196,5.92e-33,132,61.59
XANPARI20_008745-T1,PZD22415.1,45.205,146,61,2,62,190,104,247,2.69e-24,109,60.27
XANPARI20_008745-T1,PZD22415.1,60.870,69,27,0,142,210,1,69,4.37e-13,79.7,71.01
XANPARI20_008745-T1,XP_033423433.1,54.777,157,52,1,72,209,917,1073,2.05e-36,149,64.33
XANPARI20_008745-T1,XP_033423433.1,53.374,163,58,2,60,205,1417,1578,1.24e-35,147,63.80
XANPARI20_008745-T1,XP_033423433.1,61.417,127,32,1,96,205,1287,1413,8.70e-35,144,73.23
XANPARI20_008745-T1,XP_033423433.1,55.556,153,49,2,72,205,950,1102,1.13e-34,144,66.67
XANPARI20_008745-T1,XP_033423433.1,42.975,242,80,7,21,205,796,1036,1.49e-34,144,50.83
XANPARI20_008745-T1,XP_033423433.1,50.581,172,67,2,60,214,1351,1521,6.54e-34,142,62.21
XANPARI20_008745-T1,XP_033423433.1,50.898,167,64,2,60,209,1318,1483,1.77e-33,140,62.87
XANPARI20_008745-T1,XP_033423433.1,52.980,151,54,1,72,205,1051,1201,6.55e-33,139,64.24
XANPARI20_008745-T1,XP_033423433.1,51.235,162,61,2,61,205,1286,1446,1.54e-31,135,62.96
XANPARI20_008745-T1,XP_033423433.1,49.398,166,59,3,60,201,1106,1270,7.72e-31,133,60.24
XANPARI20_008745-T1,XP_033423433.1,53.731,134,45,1,72,188,1461,1594,2.37e-30,131,67.16
XANPARI20_008745-T1,XP_033423433.1,53.061,147,45,2,87,209,1238,1384,2.93e-30,131,61.90
XANPARI20_008745-T1,SLM36656.1,67.500,120,22,1,103,205,1,120,2.08e-36,139,68.33
XANPARI20_008745-T1,SLM36656.1,61.789,123,30,1,100,205,31,153,3.78e-32,128,66.67
XANPARI20_008745-T1,SLM36656.1,46.486,185,78,3,40,205,4,186,4.77e-29,120,54.59
XANPARI20_008745-T1,SLM36656.1,61.818,110,25,1,100,192,97,206,3.08e-27,115,68.18
XANPARI20_008745-T1,SLM38578.1,68.468,111,18,1,103,196,1,111,2.26e-36,136,71.17
XANPARI20_008745-T1,SLM38578.1,52.294,109,35,1,72,163,3,111,5.46e-21,96.7,61.47
XANPARI20_008745-T1,SLM38578.1,73.016,63,14,1,152,211,1,63,4.02e-16,84.0,76.19
XANPARI20_008745-T1,KAF7504496.1,51.250,160,61,1,72,214,1089,1248,2.39e-36,149,65.00
XANPARI20_008745-T1,KAF7504496.1,52.980,151,54,1,72,205,990,1140,1.64e-34,143,65.56
XANPARI20_008745-T1,KAF7504496.1,52.980,151,54,1,72,205,924,1074,2.71e-34,143,64.90
XANPARI20_008745-T1,KAF7504496.1,52.980,151,54,1,72,205,957,1107,4.33e-34,142,64.90
XANPARI20_008745-T1,KAF7504496.1,59.055,127,35,1,96,205,1179,1305,1.88e-33,140,70.08
XANPARI20_008745-T1,KAF7504496.1,59.843,127,34,1,96,205,882,1008,1.92e-32,137,67.72
XANPARI20_008745-T1,KAF7504496.1,53.623,138,47,1,72,192,1188,1325,7.96e-32,135,66.67
XANPARI20_008745-T1,KAF7504496.1,42.609,115,47,2,62,159,1213,1325,6.26e-11,75.1,54.78


