Orthogroup	Xanthoria_calcicola_GTX0491	Xanthoria_parietina_GTX0501	Xanthoria_parietina_SAMEA111342678	Xanthoria_parietina_SAMEA115359166
OG0009489	XANCAGTX0491_000013-T1			
OG0009490	XANCAGTX0491_000014-T1			
OG0009491	XANCAGTX0491_000018-T1			
OG0009492	XANCAGTX0491_000036-T1			
OG0009493	XANCAGTX0491_000037-T1			
OG0009494	XANCAGTX0491_000046-T1			
OG0009495	XANCAGTX0491_000053-T1			
OG0009496	XANCAGTX0491_000057-T1			
OG0009497	XANCAGTX0491_000092-T1			
OG0009498	XANCAGTX0491_000100-T1			
OG0009499	XANCAGTX0491_000104-T1			
OG0009500	XANCAGTX0491_000157-T1			
OG0009501	XANCAGTX0491_000177-T1			
OG0009502	XANCAGTX0491_000184-T1			
OG0009503	XANCAGTX0491_000186-T1			
OG0009504	XANCAGTX0491_000197-T1			
OG0009505	XANCAGTX0491_000206-T1			
OG0009506	XANCAGTX0491_000267-T1			
OG0009507	XANCAGTX0491_000287-T1			
OG0009508	XANCAGTX0491_000301-T1			
OG0009509	XANCAGTX0491_000318-T1			
OG0009510	XANCAGTX0491_000321-T1			
OG0009511	XANCAGTX0491_000397-T1			
OG0009512	XANCAGTX0491_000435-T1			
OG0009513	XANCAGTX0491_000455-T1			
OG0009514	XANCAGTX0491_000464-T1			
OG0009515	XANCAGTX0491_000467-T1			
OG0009516	XANCAGTX0491_000471-T1			
OG0009517	XANCAGTX0491_000486-T1			
OG0009518	XANCAGTX0491_000489-T1			
OG0009519	XANCAGTX0491_000539-T1			
OG0009520	XANCAGTX0491_000577-T1			
OG0009521	XANCAGTX0491_000617-T1			
OG0009522	XANCAGTX0491_000622-T1			
OG0009523	XANCAGTX0491_000633-T1			
OG0009524	XANCAGTX0491_000694-T1			
OG0009525	XANCAGTX0491_000727-T1			
OG0009526	XANCAGTX0491_000732-T1			
OG0009527	XANCAGTX0491_000760-T1			
OG0009528	XANCAGTX0491_000771-T1			
OG0009529	XANCAGTX0491_000777-T1			
OG0009530	XANCAGTX0491_000784-T1			
OG0009531	XANCAGTX0491_000829-T1			
OG0009532	XANCAGTX0491_000986-T1			
OG0009533	XANCAGTX0491_001110-T1			
OG0009534	XANCAGTX0491_001122-T1			
OG0009535	XANCAGTX0491_001132-T1			
OG0009536	XANCAGTX0491_001141-T1			
OG0009537	XANCAGTX0491_001166-T1			
OG0009538	XANCAGTX0491_001235-T1			
OG0009539	XANCAGTX0491_001284-T1			
OG0009540	XANCAGTX0491_001301-T1			
OG0009541	XANCAGTX0491_001311-T1			
OG0009542	XANCAGTX0491_001326-T1			
OG0009543	XANCAGTX0491_001381-T1			
OG0009544	XANCAGTX0491_001382-T1			
OG0009545	XANCAGTX0491_001387-T1			
OG0009546	XANCAGTX0491_001398-T1			
OG0009547	XANCAGTX0491_001422-T1			
OG0009548	XANCAGTX0491_001435-T1			
OG0009549	XANCAGTX0491_001450-T1			
OG0009550	XANCAGTX0491_001456-T1			
OG0009551	XANCAGTX0491_001462-T1			
OG0009552	XANCAGTX0491_001465-T1			
OG0009553	XANCAGTX0491_001478-T1			
OG0009554	XANCAGTX0491_001498-T1			
OG0009555	XANCAGTX0491_001511-T1			
OG0009556	XANCAGTX0491_001513-T1			
OG0009557	XANCAGTX0491_001530-T1			
OG0009558	XANCAGTX0491_001558-T1			
OG0009559	XANCAGTX0491_001591-T1			
OG0009560	XANCAGTX0491_001628-T1			
OG0009561	XANCAGTX0491_001633-T1			
OG0009562	XANCAGTX0491_001709-T1			
OG0009563	XANCAGTX0491_001717-T1			
OG0009564	XANCAGTX0491_001744-T1			
OG0009565	XANCAGTX0491_001830-T1			
OG0009566	XANCAGTX0491_001864-T1			
OG0009567	XANCAGTX0491_001869-T1			
OG0009568	XANCAGTX0491_001888-T1			
OG0009569	XANCAGTX0491_001891-T1			
OG0009570	XANCAGTX0491_001904-T1			
OG0009571	XANCAGTX0491_001932-T1			
OG0009572	XANCAGTX0491_001934-T1			
OG0009573	XANCAGTX0491_001937-T1			
OG0009574	XANCAGTX0491_001950-T1			
OG0009575	XANCAGTX0491_002005-T1			
OG0009576	XANCAGTX0491_002054-T1			
OG0009577	XANCAGTX0491_002072-T1			
OG0009578	XANCAGTX0491_002073-T1			
OG0009579	XANCAGTX0491_002078-T1			
OG0009580	XANCAGTX0491_002118-T1			
OG0009581	XANCAGTX0491_002132-T1			
OG0009582	XANCAGTX0491_002140-T1			
OG0009583	XANCAGTX0491_002166-T1			
OG0009584	XANCAGTX0491_002168-T1			
OG0009585	XANCAGTX0491_002171-T1			
OG0009586	XANCAGTX0491_002172-T1			
OG0009587	XANCAGTX0491_002173-T1			
OG0009588	XANCAGTX0491_002174-T1			
OG0009589	XANCAGTX0491_002175-T1			
OG0009590	XANCAGTX0491_002182-T1			
OG0009591	XANCAGTX0491_002194-T1			
OG0009592	XANCAGTX0491_002226-T1			
OG0009593	XANCAGTX0491_002263-T1			
OG0009594	XANCAGTX0491_002278-T1			
OG0009595	XANCAGTX0491_002287-T1			
OG0009596	XANCAGTX0491_002293-T1			
OG0009597	XANCAGTX0491_002294-T1			
OG0009598	XANCAGTX0491_002334-T1			
OG0009599	XANCAGTX0491_002335-T1			
OG0009600	XANCAGTX0491_002338-T1			
OG0009601	XANCAGTX0491_002341-T1			
OG0009602	XANCAGTX0491_002378-T1			
OG0009603	XANCAGTX0491_002415-T1			
OG0009604	XANCAGTX0491_002423-T1			
OG0009605	XANCAGTX0491_002424-T1			
OG0009606	XANCAGTX0491_002425-T1			
OG0009607	XANCAGTX0491_002452-T1			
OG0009608	XANCAGTX0491_002458-T1			
OG0009609	XANCAGTX0491_002468-T1			
OG0009610	XANCAGTX0491_002475-T1			
OG0009611	XANCAGTX0491_002481-T1			
OG0009612	XANCAGTX0491_002494-T1			
OG0009613	XANCAGTX0491_002531-T1			
OG0009614	XANCAGTX0491_002716-T1			
OG0009615	XANCAGTX0491_002758-T1			
OG0009616	XANCAGTX0491_002800-T1			
OG0009617	XANCAGTX0491_002801-T1			
OG0009618	XANCAGTX0491_002839-T1			
OG0009619	XANCAGTX0491_002916-T1			
OG0009620	XANCAGTX0491_002943-T1			
OG0009621	XANCAGTX0491_002946-T1			
OG0009622	XANCAGTX0491_002953-T1			
OG0009623	XANCAGTX0491_002972-T1			
OG0009624	XANCAGTX0491_002992-T1			
OG0009625	XANCAGTX0491_003015-T1			
OG0009626	XANCAGTX0491_003022-T1			
OG0009627	XANCAGTX0491_003027-T1			
OG0009628	XANCAGTX0491_003059-T1			
OG0009629	XANCAGTX0491_003061-T1			
OG0009630	XANCAGTX0491_003074-T1			
OG0009631	XANCAGTX0491_003080-T1			
OG0009632	XANCAGTX0491_003089-T1			
OG0009633	XANCAGTX0491_003102-T1			
OG0009634	XANCAGTX0491_003112-T1			
OG0009635	XANCAGTX0491_003167-T1			
OG0009636	XANCAGTX0491_003183-T1			
OG0009637	XANCAGTX0491_003190-T1			
OG0009638	XANCAGTX0491_003221-T1			
OG0009639	XANCAGTX0491_003226-T1			
OG0009640	XANCAGTX0491_003249-T1			
OG0009641	XANCAGTX0491_003268-T1			
OG0009642	XANCAGTX0491_003346-T1			
OG0009643	XANCAGTX0491_003364-T1			
OG0009644	XANCAGTX0491_003399-T1			
OG0009645	XANCAGTX0491_003404-T1			
OG0009646	XANCAGTX0491_003423-T1			
OG0009647	XANCAGTX0491_003427-T1			
OG0009648	XANCAGTX0491_003438-T1			
OG0009649	XANCAGTX0491_003449-T1			
OG0009650	XANCAGTX0491_003469-T1			
OG0009651	XANCAGTX0491_003529-T1			
OG0009652	XANCAGTX0491_003533-T1			
OG0009653	XANCAGTX0491_003537-T1			
OG0009654	XANCAGTX0491_003566-T1			
OG0009655	XANCAGTX0491_003568-T1			
OG0009656	XANCAGTX0491_003591-T1			
OG0009657	XANCAGTX0491_003593-T1			
OG0009658	XANCAGTX0491_003641-T1			
OG0009659	XANCAGTX0491_003644-T1			
OG0009660	XANCAGTX0491_003660-T1			
OG0009661	XANCAGTX0491_003700-T1			
OG0009662	XANCAGTX0491_003701-T1			
OG0009663	XANCAGTX0491_003719-T1			
OG0009664	XANCAGTX0491_003790-T1			
OG0009665	XANCAGTX0491_003820-T1			
OG0009666	XANCAGTX0491_003832-T1			
OG0009667	XANCAGTX0491_003849-T1			
OG0009668	XANCAGTX0491_003851-T1			
OG0009669	XANCAGTX0491_003858-T1			
OG0009670	XANCAGTX0491_003933-T1			
OG0009671	XANCAGTX0491_003962-T1			
OG0009672	XANCAGTX0491_004053-T1			
OG0009673	XANCAGTX0491_004081-T1			
OG0009674	XANCAGTX0491_004082-T1			
OG0009675	XANCAGTX0491_004102-T1			
OG0009676	XANCAGTX0491_004135-T1			
OG0009677	XANCAGTX0491_004136-T1			
OG0009678	XANCAGTX0491_004148-T1			
OG0009679	XANCAGTX0491_004184-T1			
OG0009680	XANCAGTX0491_004268-T1			
OG0009681	XANCAGTX0491_004279-T1			
OG0009682	XANCAGTX0491_004295-T1			
OG0009683	XANCAGTX0491_004340-T1			
OG0009684	XANCAGTX0491_004348-T1			
OG0009685	XANCAGTX0491_004355-T1			
OG0009686	XANCAGTX0491_004358-T1			
OG0009687	XANCAGTX0491_004359-T1			
OG0009688	XANCAGTX0491_004396-T1			
OG0009689	XANCAGTX0491_004400-T1			
OG0009690	XANCAGTX0491_004485-T1			
OG0009691	XANCAGTX0491_004511-T1			
OG0009692	XANCAGTX0491_004514-T1			
OG0009693	XANCAGTX0491_004544-T1			
OG0009694	XANCAGTX0491_004588-T1			
OG0009695	XANCAGTX0491_004597-T1			
OG0009696	XANCAGTX0491_004636-T1			
OG0009697	XANCAGTX0491_004680-T1			
OG0009698	XANCAGTX0491_004693-T1			
OG0009699	XANCAGTX0491_004704-T1			
OG0009700	XANCAGTX0491_004711-T1			
OG0009701	XANCAGTX0491_004712-T1			
OG0009702	XANCAGTX0491_004714-T1			
OG0009703	XANCAGTX0491_004758-T1			
OG0009704	XANCAGTX0491_004769-T1			
OG0009705	XANCAGTX0491_004773-T1			
OG0009706	XANCAGTX0491_004786-T1			
OG0009707	XANCAGTX0491_004801-T1			
OG0009708	XANCAGTX0491_004819-T1			
OG0009709	XANCAGTX0491_004821-T1			
OG0009710	XANCAGTX0491_004831-T1			
OG0009711	XANCAGTX0491_004872-T1			
OG0009712	XANCAGTX0491_004886-T1			
OG0009713	XANCAGTX0491_004889-T1			
OG0009714	XANCAGTX0491_004918-T1			
OG0009715	XANCAGTX0491_004921-T1			
OG0009716	XANCAGTX0491_004922-T1			
OG0009717	XANCAGTX0491_004924-T1			
OG0009718	XANCAGTX0491_004925-T1			
OG0009719	XANCAGTX0491_004926-T1			
OG0009720	XANCAGTX0491_004927-T1			
OG0009721	XANCAGTX0491_004928-T1			
OG0009722	XANCAGTX0491_004929-T1			
OG0009723	XANCAGTX0491_004930-T1			
OG0009724	XANCAGTX0491_004932-T1			
OG0009725	XANCAGTX0491_004933-T1			
OG0009726	XANCAGTX0491_004934-T1			
OG0009727	XANCAGTX0491_004935-T1			
OG0009728	XANCAGTX0491_004937-T1			
OG0009729	XANCAGTX0491_004938-T1			
OG0009730	XANCAGTX0491_004939-T1			
OG0009731	XANCAGTX0491_004941-T1			
OG0009732	XANCAGTX0491_004960-T1			
OG0009733	XANCAGTX0491_004961-T1			
OG0009734	XANCAGTX0491_004967-T1			
OG0009735	XANCAGTX0491_004989-T1			
OG0009736	XANCAGTX0491_005052-T1			
OG0009737	XANCAGTX0491_005062-T1			
OG0009738	XANCAGTX0491_005079-T1			
OG0009739	XANCAGTX0491_005082-T1			
OG0009740	XANCAGTX0491_005109-T1			
OG0009741	XANCAGTX0491_005187-T1			
OG0009742	XANCAGTX0491_005200-T1			
OG0009743	XANCAGTX0491_005212-T1			
OG0009744	XANCAGTX0491_005217-T1			
OG0009745	XANCAGTX0491_005237-T1			
OG0009746	XANCAGTX0491_005243-T1			
OG0009747	XANCAGTX0491_005246-T1			
OG0009748	XANCAGTX0491_005247-T1			
OG0009749	XANCAGTX0491_005254-T1			
OG0009750	XANCAGTX0491_005271-T1			
OG0009751	XANCAGTX0491_005288-T1			
OG0009752	XANCAGTX0491_005310-T1			
OG0009753	XANCAGTX0491_005313-T1			
OG0009754	XANCAGTX0491_005392-T1			
OG0009755	XANCAGTX0491_005420-T1			
OG0009756	XANCAGTX0491_005432-T1			
OG0009757	XANCAGTX0491_005441-T1			
OG0009758	XANCAGTX0491_005451-T1			
OG0009759	XANCAGTX0491_005457-T1			
OG0009760	XANCAGTX0491_005458-T1			
OG0009761	XANCAGTX0491_005461-T1			
OG0009762	XANCAGTX0491_005465-T1			
OG0009763	XANCAGTX0491_005492-T1			
OG0009764	XANCAGTX0491_005499-T1			
OG0009765	XANCAGTX0491_005526-T1			
OG0009766	XANCAGTX0491_005527-T1			
OG0009767	XANCAGTX0491_005528-T1			
OG0009768	XANCAGTX0491_005529-T1			
OG0009769	XANCAGTX0491_005555-T1			
OG0009770	XANCAGTX0491_005557-T1			
OG0009771	XANCAGTX0491_005561-T1			
OG0009772	XANCAGTX0491_005577-T1			
OG0009773	XANCAGTX0491_005578-T1			
OG0009774	XANCAGTX0491_005580-T1			
OG0009775	XANCAGTX0491_005582-T1			
OG0009776	XANCAGTX0491_005586-T1			
OG0009777	XANCAGTX0491_005653-T1			
OG0009778	XANCAGTX0491_005671-T1			
OG0009779	XANCAGTX0491_005678-T1			
OG0009780	XANCAGTX0491_005690-T1			
OG0009781	XANCAGTX0491_005707-T1			
OG0009782	XANCAGTX0491_005757-T1			
OG0009783	XANCAGTX0491_005774-T1			
OG0009784	XANCAGTX0491_005797-T1			
OG0009785	XANCAGTX0491_005834-T1			
OG0009786	XANCAGTX0491_005840-T1			
OG0009787	XANCAGTX0491_005925-T1			
OG0009788	XANCAGTX0491_005935-T1			
OG0009789	XANCAGTX0491_005939-T1			
OG0009790	XANCAGTX0491_005949-T1			
OG0009791	XANCAGTX0491_005995-T1			
OG0009792	XANCAGTX0491_006006-T1			
OG0009793	XANCAGTX0491_006021-T1			
OG0009794	XANCAGTX0491_006040-T1			
OG0009795	XANCAGTX0491_006051-T1			
OG0009796	XANCAGTX0491_006055-T1			
OG0009797	XANCAGTX0491_006056-T1			
OG0009798	XANCAGTX0491_006061-T1			
OG0009799	XANCAGTX0491_006073-T1			
OG0009800	XANCAGTX0491_006085-T1			
OG0009801	XANCAGTX0491_006092-T1			
OG0009802	XANCAGTX0491_006099-T1			
OG0009803	XANCAGTX0491_006141-T1			
OG0009804	XANCAGTX0491_006148-T1			
OG0009805	XANCAGTX0491_006149-T1			
OG0009806	XANCAGTX0491_006150-T1			
OG0009807	XANCAGTX0491_006236-T1			
OG0009808	XANCAGTX0491_006241-T1			
OG0009809	XANCAGTX0491_006277-T1			
OG0009810	XANCAGTX0491_006280-T1			
OG0009811	XANCAGTX0491_006293-T1			
OG0009812	XANCAGTX0491_006319-T1			
OG0009813	XANCAGTX0491_006323-T1			
OG0009814	XANCAGTX0491_006328-T1			
OG0009815	XANCAGTX0491_006426-T1			
OG0009816	XANCAGTX0491_006472-T1			
OG0009817	XANCAGTX0491_006537-T1			
OG0009818	XANCAGTX0491_006578-T1			
OG0009819	XANCAGTX0491_006598-T1			
OG0009820	XANCAGTX0491_006612-T1			
OG0009821	XANCAGTX0491_006617-T1			
OG0009822	XANCAGTX0491_006639-T1			
OG0009823	XANCAGTX0491_006645-T1			
OG0009824	XANCAGTX0491_006654-T1			
OG0009825	XANCAGTX0491_006657-T1			
OG0009826	XANCAGTX0491_006660-T1			
OG0009827	XANCAGTX0491_006668-T1			
OG0009828	XANCAGTX0491_006680-T1			
OG0009829	XANCAGTX0491_006710-T1			
OG0009830	XANCAGTX0491_006718-T1			
OG0009831	XANCAGTX0491_006741-T1			
OG0009832	XANCAGTX0491_006764-T1			
OG0009833	XANCAGTX0491_006782-T1			
OG0009834	XANCAGTX0491_006783-T1			
OG0009835	XANCAGTX0491_006785-T1			
OG0009836	XANCAGTX0491_006794-T1			
OG0009837	XANCAGTX0491_006795-T1			
OG0009838	XANCAGTX0491_006830-T1			
OG0009839	XANCAGTX0491_006870-T1			
OG0009840	XANCAGTX0491_006898-T1			
OG0009841	XANCAGTX0491_006917-T1			
OG0009842	XANCAGTX0491_006922-T1			
OG0009843	XANCAGTX0491_006930-T1			
OG0009844	XANCAGTX0491_007082-T1			
OG0009845	XANCAGTX0491_007099-T1			
OG0009846	XANCAGTX0491_007100-T1			
OG0009847	XANCAGTX0491_007202-T1			
OG0009848	XANCAGTX0491_007203-T1			
OG0009849	XANCAGTX0491_007241-T1			
OG0009850	XANCAGTX0491_007247-T1			
OG0009851	XANCAGTX0491_007251-T1			
OG0009852	XANCAGTX0491_007252-T1			
OG0009853	XANCAGTX0491_007273-T1			
OG0009854	XANCAGTX0491_007285-T1			
OG0009855	XANCAGTX0491_007318-T1			
OG0009856	XANCAGTX0491_007320-T1			
OG0009857	XANCAGTX0491_007321-T1			
OG0009858	XANCAGTX0491_007332-T1			
OG0009859	XANCAGTX0491_007341-T1			
OG0009860	XANCAGTX0491_007390-T1			
OG0009861	XANCAGTX0491_007412-T1			
OG0009862	XANCAGTX0491_007420-T1			
OG0009863	XANCAGTX0491_007427-T1			
OG0009864	XANCAGTX0491_007456-T1			
OG0009865	XANCAGTX0491_007482-T1			
OG0009866	XANCAGTX0491_007500-T1			
OG0009867	XANCAGTX0491_007502-T1			
OG0009868	XANCAGTX0491_007541-T1			
OG0009869	XANCAGTX0491_007553-T1			
OG0009870	XANCAGTX0491_007637-T1			
OG0009871	XANCAGTX0491_007641-T1			
OG0009872	XANCAGTX0491_007703-T1			
OG0009873	XANCAGTX0491_007730-T1			
OG0009874	XANCAGTX0491_007731-T1			
OG0009875	XANCAGTX0491_007754-T1			
OG0009876	XANCAGTX0491_007807-T1			
OG0009877	XANCAGTX0491_007808-T1			
OG0009878	XANCAGTX0491_007810-T1			
OG0009879	XANCAGTX0491_007832-T1			
OG0009880	XANCAGTX0491_007833-T1			
OG0009881	XANCAGTX0491_007839-T1			
OG0009882	XANCAGTX0491_007843-T1			
OG0009883	XANCAGTX0491_007851-T1			
OG0009884	XANCAGTX0491_007879-T1			
OG0009885	XANCAGTX0491_007886-T1			
OG0009886	XANCAGTX0491_007889-T1			
OG0009887	XANCAGTX0491_007934-T1			
OG0009888	XANCAGTX0491_007958-T1			
OG0009889	XANCAGTX0491_007976-T1			
OG0009890	XANCAGTX0491_008029-T1			
OG0009891	XANCAGTX0491_008036-T1			
OG0009892	XANCAGTX0491_008060-T1			
OG0009893	XANCAGTX0491_008092-T1			
OG0009894	XANCAGTX0491_008096-T1			
OG0009895	XANCAGTX0491_008105-T1			
OG0009896	XANCAGTX0491_008112-T1			
OG0009897	XANCAGTX0491_008174-T1			
OG0009898	XANCAGTX0491_008195-T1			
OG0009899	XANCAGTX0491_008196-T1			
OG0009900	XANCAGTX0491_008203-T1			
OG0009901	XANCAGTX0491_008219-T1			
OG0009902	XANCAGTX0491_008220-T1			
OG0009903	XANCAGTX0491_008252-T1			
OG0009904	XANCAGTX0491_008299-T1			
OG0009905	XANCAGTX0491_008311-T1			
OG0009906	XANCAGTX0491_008323-T1			
OG0009907	XANCAGTX0491_008325-T1			
OG0009908	XANCAGTX0491_008368-T1			
OG0009909	XANCAGTX0491_008382-T1			
OG0009910	XANCAGTX0491_008394-T1			
OG0009911	XANCAGTX0491_008402-T1			
OG0009912	XANCAGTX0491_008423-T1			
OG0009913	XANCAGTX0491_008426-T1			
OG0009914	XANCAGTX0491_008427-T1			
OG0009915	XANCAGTX0491_008481-T1			
OG0009916	XANCAGTX0491_008487-T1			
OG0009917	XANCAGTX0491_008489-T1			
OG0009918	XANCAGTX0491_008490-T1			
OG0009919	XANCAGTX0491_008491-T1			
OG0009920	XANCAGTX0491_008492-T1			
OG0009921	XANCAGTX0491_008493-T1			
OG0009922	XANCAGTX0491_008495-T1			
OG0009923	XANCAGTX0491_008496-T1			
OG0009924	XANCAGTX0491_008497-T1			
OG0009925	XANCAGTX0491_008546-T1			
OG0009926	XANCAGTX0491_008556-T1			
OG0009927	XANCAGTX0491_008568-T1			
OG0009928	XANCAGTX0491_008572-T1			
OG0009929	XANCAGTX0491_008588-T1			
OG0009930	XANCAGTX0491_008601-T1			
OG0009931	XANCAGTX0491_008615-T1			
OG0009932	XANCAGTX0491_008619-T1			
OG0009933	XANCAGTX0491_008621-T1			
OG0009934	XANCAGTX0491_008622-T1			
OG0009935	XANCAGTX0491_008624-T1			
OG0009936	XANCAGTX0491_008639-T1			
OG0009937	XANCAGTX0491_008647-T1			
OG0009938	XANCAGTX0491_008673-T1			
OG0009939	XANCAGTX0491_008746-T1			
OG0009940	XANCAGTX0491_008758-T1			
OG0009941	XANCAGTX0491_008759-T1			
OG0009942	XANCAGTX0491_008769-T1			
OG0009943	XANCAGTX0491_008774-T1			
OG0009944	XANCAGTX0491_008783-T1			
OG0009945	XANCAGTX0491_008784-T1			
OG0009946	XANCAGTX0491_008803-T1			
OG0009947	XANCAGTX0491_008808-T1			
OG0009948	XANCAGTX0491_008812-T1			
OG0009949	XANCAGTX0491_008814-T1			
OG0009950	XANCAGTX0491_008833-T1			
OG0009951	XANCAGTX0491_008854-T1			
OG0009952	XANCAGTX0491_008869-T1			
OG0009953	XANCAGTX0491_008894-T1			
OG0009954	XANCAGTX0491_008899-T1			
OG0009955	XANCAGTX0491_008903-T1			
OG0009956	XANCAGTX0491_008923-T1			
OG0009957	XANCAGTX0491_008941-T1			
OG0009958	XANCAGTX0491_008978-T1			
OG0009959	XANCAGTX0491_008979-T1			
OG0009960	XANCAGTX0491_009031-T1			
OG0009961	XANCAGTX0491_009045-T1			
OG0009962	XANCAGTX0491_009061-T1			
OG0009963	XANCAGTX0491_009078-T1			
OG0009964	XANCAGTX0491_009082-T1			
OG0009965	XANCAGTX0491_009083-T1			
OG0009966	XANCAGTX0491_009115-T1			
OG0009967	XANCAGTX0491_009118-T1			
OG0009968	XANCAGTX0491_009130-T1			
OG0009969	XANCAGTX0491_009154-T1			
OG0009970	XANCAGTX0491_009155-T1			
OG0009971	XANCAGTX0491_009207-T1			
OG0009972	XANCAGTX0491_009261-T1			
OG0009973	XANCAGTX0491_009302-T1			
OG0009974	XANCAGTX0491_009351-T1			
OG0009975	XANCAGTX0491_009393-T1			
OG0009976	XANCAGTX0491_009402-T1			
OG0009977	XANCAGTX0491_009467-T1			
OG0009978	XANCAGTX0491_009502-T1			
OG0009979	XANCAGTX0491_009514-T1			
OG0009980	XANCAGTX0491_009542-T1			
OG0009981	XANCAGTX0491_009546-T1			
OG0009982	XANCAGTX0491_009547-T1			
OG0009983	XANCAGTX0491_009596-T1			
OG0009984	XANCAGTX0491_009637-T1			
OG0009985	XANCAGTX0491_009639-T1			
OG0009986	XANCAGTX0491_009640-T1			
OG0009987	XANCAGTX0491_009646-T1			
OG0009988	XANCAGTX0491_009651-T1			
OG0009989	XANCAGTX0491_009652-T1			
OG0009990	XANCAGTX0491_009657-T1			
OG0009991	XANCAGTX0491_009673-T1			
OG0009992	XANCAGTX0491_009688-T1			
OG0009993	XANCAGTX0491_009695-T1			
OG0009994	XANCAGTX0491_009711-T1			
OG0009995	XANCAGTX0491_009758-T1			
OG0009996	XANCAGTX0491_009759-T1			
OG0009997	XANCAGTX0491_009760-T1			
OG0009998	XANCAGTX0491_009802-T1			
OG0009999	XANCAGTX0491_009831-T1			
OG0010000	XANCAGTX0491_009868-T1			
OG0010001	XANCAGTX0491_009869-T1			
OG0010002	XANCAGTX0491_009870-T1			
OG0010003	XANCAGTX0491_009872-T1			
OG0010004	XANCAGTX0491_009878-T1			
OG0010005	XANCAGTX0491_009918-T1			
OG0010006	XANCAGTX0491_009919-T1			
OG0010007	XANCAGTX0491_009934-T1			
OG0010008	XANCAGTX0491_009953-T1			
OG0010009	XANCAGTX0491_009975-T1			
OG0010010	XANCAGTX0491_009986-T1			
OG0010011	XANCAGTX0491_009993-T1			
OG0010012	XANCAGTX0491_009995-T1			
OG0010013	XANCAGTX0491_010000-T1			
OG0010014	XANCAGTX0491_010001-T1			
OG0010015	XANCAGTX0491_010003-T1			
OG0010016	XANCAGTX0491_010004-T1			
OG0010017	XANCAGTX0491_010009-T1			
OG0010018	XANCAGTX0491_010010-T1			
OG0010019	XANCAGTX0491_010012-T1			
OG0010020	XANCAGTX0491_010013-T1			
OG0010021	XANCAGTX0491_010014-T1			
OG0010022	XANCAGTX0491_010015-T1			
OG0010023	XANCAGTX0491_010017-T1			
OG0010024	XANCAGTX0491_010019-T1			
OG0010025	XANCAGTX0491_010020-T1			
OG0010026	XANCAGTX0491_010024-T1			
OG0010027	XANCAGTX0491_010025-T1			
OG0010028	XANCAGTX0491_010028-T1			
OG0010029	XANCAGTX0491_010031-T1			
OG0010030	XANCAGTX0491_010033-T1			
OG0010031	XANCAGTX0491_010037-T1			
OG0010032	XANCAGTX0491_010044-T1			
OG0010033		XANPAGTX0501_000020-T1		
OG0010034		XANPAGTX0501_000031-T1		
OG0010035		XANPAGTX0501_000049-T1		
OG0010036		XANPAGTX0501_000050-T1		
OG0010037		XANPAGTX0501_000053-T1		
OG0010038		XANPAGTX0501_000073-T1		
OG0010039		XANPAGTX0501_000091-T1		
OG0010040		XANPAGTX0501_000093-T1		
OG0010041		XANPAGTX0501_000102-T1		
OG0010042		XANPAGTX0501_000128-T1		
OG0010043		XANPAGTX0501_000129-T1		
OG0010044		XANPAGTX0501_000141-T1		
OG0010045		XANPAGTX0501_000153-T1		
OG0010046		XANPAGTX0501_000155-T1		
OG0010047		XANPAGTX0501_000167-T1		
OG0010048		XANPAGTX0501_000176-T1		
OG0010049		XANPAGTX0501_000177-T1		
OG0010050		XANPAGTX0501_000184-T1		
OG0010051		XANPAGTX0501_000190-T1		
OG0010052		XANPAGTX0501_000193-T1		
OG0010053		XANPAGTX0501_000209-T1		
OG0010054		XANPAGTX0501_000211-T1		
OG0010055		XANPAGTX0501_000233-T1		
OG0010056		XANPAGTX0501_000249-T1		
OG0010057		XANPAGTX0501_000257-T1		
OG0010058		XANPAGTX0501_000269-T1		
OG0010059		XANPAGTX0501_000277-T1		
OG0010060		XANPAGTX0501_000279-T1		
OG0010061		XANPAGTX0501_000293-T1		
OG0010062		XANPAGTX0501_000294-T1		
OG0010063		XANPAGTX0501_000309-T1		
OG0010064		XANPAGTX0501_000332-T1		
OG0010065		XANPAGTX0501_000362-T1		
OG0010066		XANPAGTX0501_000364-T1		
OG0010067		XANPAGTX0501_000366-T1		
OG0010068		XANPAGTX0501_000368-T1		
OG0010069		XANPAGTX0501_000370-T1		
OG0010070		XANPAGTX0501_000376-T1		
OG0010071		XANPAGTX0501_000385-T1		
OG0010072		XANPAGTX0501_000391-T1		
OG0010073		XANPAGTX0501_000399-T1		
OG0010074		XANPAGTX0501_000408-T1		
OG0010075		XANPAGTX0501_000417-T1		
OG0010076		XANPAGTX0501_000432-T1		
OG0010077		XANPAGTX0501_000435-T1		
OG0010078		XANPAGTX0501_000465-T1		
OG0010079		XANPAGTX0501_000475-T1		
OG0010080		XANPAGTX0501_000493-T1		
OG0010081		XANPAGTX0501_000504-T1		
OG0010082		XANPAGTX0501_000517-T1		
OG0010083		XANPAGTX0501_000528-T1		
OG0010084		XANPAGTX0501_000538-T1		
OG0010085		XANPAGTX0501_000551-T1		
OG0010086		XANPAGTX0501_000594-T1		
OG0010087		XANPAGTX0501_000601-T1		
OG0010088		XANPAGTX0501_000607-T1		
OG0010089		XANPAGTX0501_000611-T1		
OG0010090		XANPAGTX0501_000622-T1		
OG0010091		XANPAGTX0501_000642-T1		
OG0010092		XANPAGTX0501_000649-T1		
OG0010093		XANPAGTX0501_000650-T1		
OG0010094		XANPAGTX0501_000663-T1		
OG0010095		XANPAGTX0501_000681-T1		
OG0010096		XANPAGTX0501_000689-T1		
OG0010097		XANPAGTX0501_000715-T1		
OG0010098		XANPAGTX0501_000721-T1		
OG0010099		XANPAGTX0501_000753-T1		
OG0010100		XANPAGTX0501_000797-T1		
OG0010101		XANPAGTX0501_000806-T1		
OG0010102		XANPAGTX0501_000820-T1		
OG0010103		XANPAGTX0501_000821-T1		
OG0010104		XANPAGTX0501_000824-T1		
OG0010105		XANPAGTX0501_000829-T1		
OG0010106		XANPAGTX0501_000831-T1		
OG0010107		XANPAGTX0501_000849-T1		
OG0010108		XANPAGTX0501_000857-T1		
OG0010109		XANPAGTX0501_000864-T1		
OG0010110		XANPAGTX0501_000874-T1		
OG0010111		XANPAGTX0501_000891-T1		
OG0010112		XANPAGTX0501_000898-T1		
OG0010113		XANPAGTX0501_000902-T1		
OG0010114		XANPAGTX0501_000909-T1		
OG0010115		XANPAGTX0501_000913-T1		
OG0010116		XANPAGTX0501_000933-T1		
OG0010117		XANPAGTX0501_000937-T1		
OG0010118		XANPAGTX0501_000939-T1		
OG0010119		XANPAGTX0501_000944-T1		
OG0010120		XANPAGTX0501_000959-T1		
OG0010121		XANPAGTX0501_000969-T1		
OG0010122		XANPAGTX0501_000970-T1		
OG0010123		XANPAGTX0501_000972-T1		
OG0010124		XANPAGTX0501_000976-T1		
OG0010125		XANPAGTX0501_000978-T1		
OG0010126		XANPAGTX0501_000980-T1		
OG0010127		XANPAGTX0501_000981-T1		
OG0010128		XANPAGTX0501_000982-T1		
OG0010129		XANPAGTX0501_000985-T1		
OG0010130		XANPAGTX0501_000986-T1		
OG0010131		XANPAGTX0501_000991-T1		
OG0010132		XANPAGTX0501_000995-T1		
OG0010133		XANPAGTX0501_001000-T1		
OG0010134		XANPAGTX0501_001003-T1		
OG0010135		XANPAGTX0501_001009-T1		
OG0010136		XANPAGTX0501_001012-T1		
OG0010137		XANPAGTX0501_001020-T1		
OG0010138		XANPAGTX0501_001021-T1		
OG0010139		XANPAGTX0501_001053-T1		
OG0010140		XANPAGTX0501_001069-T1		
OG0010141		XANPAGTX0501_001085-T1		
OG0010142		XANPAGTX0501_001111-T1		
OG0010143		XANPAGTX0501_001114-T1		
OG0010144		XANPAGTX0501_001124-T1		
OG0010145		XANPAGTX0501_001130-T1		
OG0010146		XANPAGTX0501_001140-T1		
OG0010147		XANPAGTX0501_001162-T1		
OG0010148		XANPAGTX0501_001164-T1		
OG0010149		XANPAGTX0501_001172-T1		
OG0010150		XANPAGTX0501_001184-T1		
OG0010151		XANPAGTX0501_001185-T1		
OG0010152		XANPAGTX0501_001186-T1		
OG0010153		XANPAGTX0501_001223-T1		
OG0010154		XANPAGTX0501_001228-T1		
OG0010155		XANPAGTX0501_001240-T1		
OG0010156		XANPAGTX0501_001246-T1		
OG0010157		XANPAGTX0501_001255-T1		
OG0010158		XANPAGTX0501_001282-T1		
OG0010159		XANPAGTX0501_001285-T1		
OG0010160		XANPAGTX0501_001293-T1		
OG0010161		XANPAGTX0501_001301-T1		
OG0010162		XANPAGTX0501_001304-T1		
OG0010163		XANPAGTX0501_001306-T1		
OG0010164		XANPAGTX0501_001327-T1		
OG0010165		XANPAGTX0501_001345-T1		
OG0010166		XANPAGTX0501_001346-T1		
OG0010167		XANPAGTX0501_001370-T1		
OG0010168		XANPAGTX0501_001372-T1		
OG0010169		XANPAGTX0501_001382-T1		
OG0010170		XANPAGTX0501_001393-T1		
OG0010171		XANPAGTX0501_001399-T1		
OG0010172		XANPAGTX0501_001402-T1		
OG0010173		XANPAGTX0501_001404-T1		
OG0010174		XANPAGTX0501_001409-T1		
OG0010175		XANPAGTX0501_001415-T1		
OG0010176		XANPAGTX0501_001434-T1		
OG0010177		XANPAGTX0501_001456-T1		
OG0010178		XANPAGTX0501_001459-T1		
OG0010179		XANPAGTX0501_001461-T1		
OG0010180		XANPAGTX0501_001463-T1		
OG0010181		XANPAGTX0501_001483-T1		
OG0010182		XANPAGTX0501_001493-T1		
OG0010183		XANPAGTX0501_001496-T1		
OG0010184		XANPAGTX0501_001509-T1		
OG0010185		XANPAGTX0501_001510-T1		
OG0010186		XANPAGTX0501_001513-T1		
OG0010187		XANPAGTX0501_001517-T1		
OG0010188		XANPAGTX0501_001519-T1		
OG0010189		XANPAGTX0501_001563-T1		
OG0010190		XANPAGTX0501_001576-T1		
OG0010191		XANPAGTX0501_001587-T1		
OG0010192		XANPAGTX0501_001604-T1		
OG0010193		XANPAGTX0501_001608-T1		
OG0010194		XANPAGTX0501_001619-T1		
OG0010195		XANPAGTX0501_001649-T1		
OG0010196		XANPAGTX0501_001663-T1		
OG0010197		XANPAGTX0501_001667-T1		
OG0010198		XANPAGTX0501_001674-T1		
OG0010199		XANPAGTX0501_001692-T1		
OG0010200		XANPAGTX0501_001693-T1		
OG0010201		XANPAGTX0501_001698-T1		
OG0010202		XANPAGTX0501_001699-T1		
OG0010203		XANPAGTX0501_001714-T1		
OG0010204		XANPAGTX0501_001718-T1		
OG0010205		XANPAGTX0501_001722-T1		
OG0010206		XANPAGTX0501_001726-T1		
OG0010207		XANPAGTX0501_001729-T1		
OG0010208		XANPAGTX0501_001730-T1		
OG0010209		XANPAGTX0501_001733-T1		
OG0010210		XANPAGTX0501_001786-T1		
OG0010211		XANPAGTX0501_001798-T1		
OG0010212		XANPAGTX0501_001801-T1		
OG0010213		XANPAGTX0501_001847-T1		
OG0010214		XANPAGTX0501_001850-T1		
OG0010215		XANPAGTX0501_001861-T1		
OG0010216		XANPAGTX0501_001872-T1		
OG0010217		XANPAGTX0501_001874-T1		
OG0010218		XANPAGTX0501_001880-T1		
OG0010219		XANPAGTX0501_001882-T1		
OG0010220		XANPAGTX0501_001896-T1		
OG0010221		XANPAGTX0501_001903-T1		
OG0010222		XANPAGTX0501_001908-T1		
OG0010223		XANPAGTX0501_001915-T1		
OG0010224		XANPAGTX0501_001916-T1		
OG0010225		XANPAGTX0501_001931-T1		
OG0010226		XANPAGTX0501_001933-T1		
OG0010227		XANPAGTX0501_001939-T1		
OG0010228		XANPAGTX0501_001942-T1		
OG0010229		XANPAGTX0501_001945-T1		
OG0010230		XANPAGTX0501_001946-T1		
OG0010231		XANPAGTX0501_001947-T1		
OG0010232		XANPAGTX0501_001948-T1		
OG0010233		XANPAGTX0501_001949-T1		
OG0010234		XANPAGTX0501_001956-T1		
OG0010235		XANPAGTX0501_001965-T1		
OG0010236		XANPAGTX0501_001966-T1		
OG0010237		XANPAGTX0501_001967-T1		
OG0010238		XANPAGTX0501_001968-T1		
OG0010239		XANPAGTX0501_001972-T1		
OG0010240		XANPAGTX0501_001981-T1		
OG0010241		XANPAGTX0501_001983-T1		
OG0010242		XANPAGTX0501_002025-T1		
OG0010243		XANPAGTX0501_002027-T1		
OG0010244		XANPAGTX0501_002037-T1		
OG0010245		XANPAGTX0501_002043-T1		
OG0010246		XANPAGTX0501_002046-T1		
OG0010247		XANPAGTX0501_002074-T1		
OG0010248		XANPAGTX0501_002075-T1		
OG0010249		XANPAGTX0501_002084-T1		
OG0010250		XANPAGTX0501_002086-T1		
OG0010251		XANPAGTX0501_002092-T1		
OG0010252		XANPAGTX0501_002142-T1		
OG0010253		XANPAGTX0501_002146-T1		
OG0010254		XANPAGTX0501_002158-T1		
OG0010255		XANPAGTX0501_002164-T1		
OG0010256		XANPAGTX0501_002165-T1		
OG0010257		XANPAGTX0501_002171-T1		
OG0010258		XANPAGTX0501_002177-T1		
OG0010259		XANPAGTX0501_002180-T1		
OG0010260		XANPAGTX0501_002199-T1		
OG0010261		XANPAGTX0501_002208-T1		
OG0010262		XANPAGTX0501_002217-T1		
OG0010263		XANPAGTX0501_002219-T1		
OG0010264		XANPAGTX0501_002238-T1		
OG0010265		XANPAGTX0501_002244-T1		
OG0010266		XANPAGTX0501_002258-T1		
OG0010267		XANPAGTX0501_002335-T1		
OG0010268		XANPAGTX0501_002337-T1		
OG0010269		XANPAGTX0501_002355-T1		
OG0010270		XANPAGTX0501_002359-T1		
OG0010271		XANPAGTX0501_002408-T1		
OG0010272		XANPAGTX0501_002421-T1		
OG0010273		XANPAGTX0501_002440-T1		
OG0010274		XANPAGTX0501_002443-T1		
OG0010275		XANPAGTX0501_002444-T1		
OG0010276		XANPAGTX0501_002446-T1		
OG0010277		XANPAGTX0501_002447-T1		
OG0010278		XANPAGTX0501_002454-T1		
OG0010279		XANPAGTX0501_002470-T1		
OG0010280		XANPAGTX0501_002489-T1		
OG0010281		XANPAGTX0501_002495-T1		
OG0010282		XANPAGTX0501_002503-T1		
OG0010283		XANPAGTX0501_002506-T1		
OG0010284		XANPAGTX0501_002514-T1		
OG0010285		XANPAGTX0501_002519-T1		
OG0010286		XANPAGTX0501_002555-T1		
OG0010287		XANPAGTX0501_002577-T1		
OG0010288		XANPAGTX0501_002586-T1		
OG0010289		XANPAGTX0501_002613-T1		
OG0010290		XANPAGTX0501_002618-T1		
OG0010291		XANPAGTX0501_002646-T1		
OG0010292		XANPAGTX0501_002648-T1		
OG0010293		XANPAGTX0501_002651-T1		
OG0010294		XANPAGTX0501_002656-T1		
OG0010295		XANPAGTX0501_002670-T1		
OG0010296		XANPAGTX0501_002681-T1		
OG0010297		XANPAGTX0501_002682-T1		
OG0010298		XANPAGTX0501_002705-T1		
OG0010299		XANPAGTX0501_002706-T1		
OG0010300		XANPAGTX0501_002711-T1		
OG0010301		XANPAGTX0501_002715-T1		
OG0010302		XANPAGTX0501_002717-T1		
OG0010303		XANPAGTX0501_002729-T1		
OG0010304		XANPAGTX0501_002735-T1		
OG0010305		XANPAGTX0501_002738-T1		
OG0010306		XANPAGTX0501_002739-T1		
OG0010307		XANPAGTX0501_002747-T1		
OG0010308		XANPAGTX0501_002763-T1		
OG0010309		XANPAGTX0501_002767-T1		
OG0010310		XANPAGTX0501_002776-T1		
OG0010311		XANPAGTX0501_002783-T1		
OG0010312		XANPAGTX0501_002794-T1		
OG0010313		XANPAGTX0501_002809-T1		
OG0010314		XANPAGTX0501_002818-T1		
OG0010315		XANPAGTX0501_002825-T1		
OG0010316		XANPAGTX0501_002835-T1		
OG0010317		XANPAGTX0501_002854-T1		
OG0010318		XANPAGTX0501_002890-T1		
OG0010319		XANPAGTX0501_002908-T1		
OG0010320		XANPAGTX0501_002934-T1		
OG0010321		XANPAGTX0501_002955-T1		
OG0010322		XANPAGTX0501_002978-T1		
OG0010323		XANPAGTX0501_003008-T1		
OG0010324		XANPAGTX0501_003034-T1		
OG0010325		XANPAGTX0501_003052-T1		
OG0010326		XANPAGTX0501_003060-T1		
OG0010327		XANPAGTX0501_003076-T1		
OG0010328		XANPAGTX0501_003094-T1		
OG0010329		XANPAGTX0501_003101-T1		
OG0010330		XANPAGTX0501_003102-T1		
OG0010331		XANPAGTX0501_003113-T1		
OG0010332		XANPAGTX0501_003137-T1		
OG0010333		XANPAGTX0501_003156-T1		
OG0010334		XANPAGTX0501_003166-T1		
OG0010335		XANPAGTX0501_003167-T1		
OG0010336		XANPAGTX0501_003169-T1		
OG0010337		XANPAGTX0501_003170-T1		
OG0010338		XANPAGTX0501_003173-T1		
OG0010339		XANPAGTX0501_003176-T1		
OG0010340		XANPAGTX0501_003179-T1		
OG0010341		XANPAGTX0501_003202-T1		
OG0010342		XANPAGTX0501_003209-T1		
OG0010343		XANPAGTX0501_003211-T1		
OG0010344		XANPAGTX0501_003216-T1		
OG0010345		XANPAGTX0501_003239-T1		
OG0010346		XANPAGTX0501_003256-T1		
OG0010347		XANPAGTX0501_003263-T1		
OG0010348		XANPAGTX0501_003282-T1		
OG0010349		XANPAGTX0501_003290-T1		
OG0010350		XANPAGTX0501_003297-T1		
OG0010351		XANPAGTX0501_003298-T1		
OG0010352		XANPAGTX0501_003307-T1		
OG0010353		XANPAGTX0501_003312-T1		
OG0010354		XANPAGTX0501_003313-T1		
OG0010355		XANPAGTX0501_003314-T1		
OG0010356		XANPAGTX0501_003330-T1		
OG0010357		XANPAGTX0501_003331-T1		
OG0010358		XANPAGTX0501_003336-T1		
OG0010359		XANPAGTX0501_003345-T1		
OG0010360		XANPAGTX0501_003348-T1		
OG0010361		XANPAGTX0501_003350-T1		
OG0010362		XANPAGTX0501_003359-T1		
OG0010363		XANPAGTX0501_003381-T1		
OG0010364		XANPAGTX0501_003399-T1		
OG0010365		XANPAGTX0501_003401-T1		
OG0010366		XANPAGTX0501_003423-T1		
OG0010367		XANPAGTX0501_003430-T1		
OG0010368		XANPAGTX0501_003433-T1		
OG0010369		XANPAGTX0501_003440-T1		
OG0010370		XANPAGTX0501_003445-T1		
OG0010371		XANPAGTX0501_003457-T1		
OG0010372		XANPAGTX0501_003468-T1		
OG0010373		XANPAGTX0501_003472-T1		
OG0010374		XANPAGTX0501_003499-T1		
OG0010375		XANPAGTX0501_003513-T1		
OG0010376		XANPAGTX0501_003525-T1		
OG0010377		XANPAGTX0501_003550-T1		
OG0010378		XANPAGTX0501_003555-T1		
OG0010379		XANPAGTX0501_003576-T1		
OG0010380		XANPAGTX0501_003584-T1		
OG0010381		XANPAGTX0501_003601-T1		
OG0010382		XANPAGTX0501_003629-T1		
OG0010383		XANPAGTX0501_003634-T1		
OG0010384		XANPAGTX0501_003642-T1		
OG0010385		XANPAGTX0501_003658-T1		
OG0010386		XANPAGTX0501_003667-T1		
OG0010387		XANPAGTX0501_003695-T1		
OG0010388		XANPAGTX0501_003724-T1		
OG0010389		XANPAGTX0501_003754-T1		
OG0010390		XANPAGTX0501_003766-T1		
OG0010391		XANPAGTX0501_003767-T1		
OG0010392		XANPAGTX0501_003778-T1		
OG0010393		XANPAGTX0501_003800-T1		
OG0010394		XANPAGTX0501_003811-T1		
OG0010395		XANPAGTX0501_003832-T1		
OG0010396		XANPAGTX0501_003836-T1		
OG0010397		XANPAGTX0501_003843-T1		
OG0010398		XANPAGTX0501_003844-T1		
OG0010399		XANPAGTX0501_003845-T1		
OG0010400		XANPAGTX0501_003874-T1		
OG0010401		XANPAGTX0501_003884-T1		
OG0010402		XANPAGTX0501_003892-T1		
OG0010403		XANPAGTX0501_003914-T1		
OG0010404		XANPAGTX0501_003946-T1		
OG0010405		XANPAGTX0501_003960-T1		
OG0010406		XANPAGTX0501_003964-T1		
OG0010407		XANPAGTX0501_003980-T1		
OG0010408		XANPAGTX0501_003987-T1		
OG0010409		XANPAGTX0501_003996-T1		
OG0010410		XANPAGTX0501_004003-T1		
OG0010411		XANPAGTX0501_004094-T1		
OG0010412		XANPAGTX0501_004096-T1		
OG0010413		XANPAGTX0501_004098-T1		
OG0010414		XANPAGTX0501_004137-T1		
OG0010415		XANPAGTX0501_004139-T1		
OG0010416		XANPAGTX0501_004156-T1		
OG0010417		XANPAGTX0501_004167-T1		
OG0010418		XANPAGTX0501_004208-T1		
OG0010419		XANPAGTX0501_004216-T1		
OG0010420		XANPAGTX0501_004241-T1		
OG0010421		XANPAGTX0501_004242-T1		
OG0010422		XANPAGTX0501_004272-T1		
OG0010423		XANPAGTX0501_004308-T1		
OG0010424		XANPAGTX0501_004312-T1		
OG0010425		XANPAGTX0501_004328-T1		
OG0010426		XANPAGTX0501_004336-T1		
OG0010427		XANPAGTX0501_004344-T1		
OG0010428		XANPAGTX0501_004364-T1		
OG0010429		XANPAGTX0501_004373-T1		
OG0010430		XANPAGTX0501_004374-T1		
OG0010431		XANPAGTX0501_004377-T1		
OG0010432		XANPAGTX0501_004418-T1		
OG0010433		XANPAGTX0501_004422-T1		
OG0010434		XANPAGTX0501_004427-T1		
OG0010435		XANPAGTX0501_004429-T1		
OG0010436		XANPAGTX0501_004435-T1		
OG0010437		XANPAGTX0501_004441-T1		
OG0010438		XANPAGTX0501_004452-T1		
OG0010439		XANPAGTX0501_004454-T1		
OG0010440		XANPAGTX0501_004474-T1		
OG0010441		XANPAGTX0501_004478-T1		
OG0010442		XANPAGTX0501_004481-T1		
OG0010443		XANPAGTX0501_004485-T1		
OG0010444		XANPAGTX0501_004487-T1		
OG0010445		XANPAGTX0501_004494-T1		
OG0010446		XANPAGTX0501_004506-T1		
OG0010447		XANPAGTX0501_004508-T1		
OG0010448		XANPAGTX0501_004512-T1		
OG0010449		XANPAGTX0501_004513-T1		
OG0010450		XANPAGTX0501_004520-T1		
OG0010451		XANPAGTX0501_004541-T1		
OG0010452		XANPAGTX0501_004572-T1		
OG0010453		XANPAGTX0501_004595-T1		
OG0010454		XANPAGTX0501_004600-T1		
OG0010455		XANPAGTX0501_004621-T1		
OG0010456		XANPAGTX0501_004670-T1		
OG0010457		XANPAGTX0501_004675-T1		
OG0010458		XANPAGTX0501_004686-T1		
OG0010459		XANPAGTX0501_004694-T1		
OG0010460		XANPAGTX0501_004708-T1		
OG0010461		XANPAGTX0501_004710-T1		
OG0010462		XANPAGTX0501_004714-T1		
OG0010463		XANPAGTX0501_004736-T1		
OG0010464		XANPAGTX0501_004757-T1		
OG0010465		XANPAGTX0501_004794-T1		
OG0010466		XANPAGTX0501_004797-T1		
OG0010467		XANPAGTX0501_004798-T1		
OG0010468		XANPAGTX0501_004816-T1		
OG0010469		XANPAGTX0501_004819-T1		
OG0010470		XANPAGTX0501_004827-T1		
OG0010471		XANPAGTX0501_004905-T1		
OG0010472		XANPAGTX0501_004929-T1		
OG0010473		XANPAGTX0501_004933-T1		
OG0010474		XANPAGTX0501_004935-T1		
OG0010475		XANPAGTX0501_004949-T1		
OG0010476		XANPAGTX0501_004959-T1		
OG0010477		XANPAGTX0501_004962-T1		
OG0010478		XANPAGTX0501_004973-T1		
OG0010479		XANPAGTX0501_004974-T1		
OG0010480		XANPAGTX0501_004990-T1		
OG0010481		XANPAGTX0501_005026-T1		
OG0010482		XANPAGTX0501_005036-T1		
OG0010483		XANPAGTX0501_005041-T1		
OG0010484		XANPAGTX0501_005047-T1		
OG0010485		XANPAGTX0501_005062-T1		
OG0010486		XANPAGTX0501_005064-T1		
OG0010487		XANPAGTX0501_005067-T1		
OG0010488		XANPAGTX0501_005073-T1		
OG0010489		XANPAGTX0501_005085-T1		
OG0010490		XANPAGTX0501_005086-T1		
OG0010491		XANPAGTX0501_005099-T1		
OG0010492		XANPAGTX0501_005104-T1		
OG0010493		XANPAGTX0501_005114-T1		
OG0010494		XANPAGTX0501_005117-T1		
OG0010495		XANPAGTX0501_005135-T1		
OG0010496		XANPAGTX0501_005149-T1		
OG0010497		XANPAGTX0501_005162-T1		
OG0010498		XANPAGTX0501_005181-T1		
OG0010499		XANPAGTX0501_005187-T1		
OG0010500		XANPAGTX0501_005232-T1		
OG0010501		XANPAGTX0501_005248-T1		
OG0010502		XANPAGTX0501_005264-T1		
OG0010503		XANPAGTX0501_005271-T1		
OG0010504		XANPAGTX0501_005286-T1		
OG0010505		XANPAGTX0501_005294-T1		
OG0010506		XANPAGTX0501_005297-T1		
OG0010507		XANPAGTX0501_005301-T1		
OG0010508		XANPAGTX0501_005302-T1		
OG0010509		XANPAGTX0501_005311-T1		
OG0010510		XANPAGTX0501_005312-T1		
OG0010511		XANPAGTX0501_005342-T1		
OG0010512		XANPAGTX0501_005343-T1		
OG0010513		XANPAGTX0501_005380-T1		
OG0010514		XANPAGTX0501_005383-T1		
OG0010515		XANPAGTX0501_005388-T1		
OG0010516		XANPAGTX0501_005391-T1		
OG0010517		XANPAGTX0501_005393-T1		
OG0010518		XANPAGTX0501_005400-T1		
OG0010519		XANPAGTX0501_005415-T1		
OG0010520		XANPAGTX0501_005421-T1		
OG0010521		XANPAGTX0501_005423-T1		
OG0010522		XANPAGTX0501_005427-T1		
OG0010523		XANPAGTX0501_005428-T1		
OG0010524		XANPAGTX0501_005452-T1		
OG0010525		XANPAGTX0501_005459-T1		
OG0010526		XANPAGTX0501_005488-T1		
OG0010527		XANPAGTX0501_005495-T1		
OG0010528		XANPAGTX0501_005496-T1		
OG0010529		XANPAGTX0501_005497-T1		
OG0010530		XANPAGTX0501_005498-T1		
OG0010531		XANPAGTX0501_005504-T1		
OG0010532		XANPAGTX0501_005506-T1		
OG0010533		XANPAGTX0501_005518-T1		
OG0010534		XANPAGTX0501_005519-T1		
OG0010535		XANPAGTX0501_005566-T1		
OG0010536		XANPAGTX0501_005569-T1		
OG0010537		XANPAGTX0501_005579-T1		
OG0010538		XANPAGTX0501_005586-T1		
OG0010539		XANPAGTX0501_005590-T1		
OG0010540		XANPAGTX0501_005594-T1		
OG0010541		XANPAGTX0501_005600-T1		
OG0010542		XANPAGTX0501_005613-T1		
OG0010543		XANPAGTX0501_005616-T1		
OG0010544		XANPAGTX0501_005625-T1		
OG0010545		XANPAGTX0501_005637-T1		
OG0010546		XANPAGTX0501_005648-T1		
OG0010547		XANPAGTX0501_005650-T1		
OG0010548		XANPAGTX0501_005659-T1		
OG0010549		XANPAGTX0501_005663-T1		
OG0010550		XANPAGTX0501_005667-T1		
OG0010551		XANPAGTX0501_005670-T1		
OG0010552		XANPAGTX0501_005682-T1		
OG0010553		XANPAGTX0501_005692-T1		
OG0010554		XANPAGTX0501_005702-T1		
OG0010555		XANPAGTX0501_005714-T1		
OG0010556		XANPAGTX0501_005720-T1		
OG0010557		XANPAGTX0501_005721-T1		
OG0010558		XANPAGTX0501_005728-T1		
OG0010559		XANPAGTX0501_005741-T1		
OG0010560		XANPAGTX0501_005773-T1		
OG0010561		XANPAGTX0501_005776-T1		
OG0010562		XANPAGTX0501_005808-T1		
OG0010563		XANPAGTX0501_005811-T1		
OG0010564		XANPAGTX0501_005819-T1		
OG0010565		XANPAGTX0501_005823-T1		
OG0010566		XANPAGTX0501_005827-T1		
OG0010567		XANPAGTX0501_005833-T1		
OG0010568		XANPAGTX0501_005835-T1		
OG0010569		XANPAGTX0501_005857-T1		
OG0010570		XANPAGTX0501_005873-T1		
OG0010571		XANPAGTX0501_005879-T1		
OG0010572		XANPAGTX0501_005880-T1		
OG0010573		XANPAGTX0501_005881-T1		
OG0010574		XANPAGTX0501_005883-T1		
OG0010575		XANPAGTX0501_005911-T1		
OG0010576		XANPAGTX0501_005912-T1		
OG0010577		XANPAGTX0501_005923-T1		
OG0010578		XANPAGTX0501_005941-T1		
OG0010579		XANPAGTX0501_005952-T1		
OG0010580		XANPAGTX0501_005962-T1		
OG0010581		XANPAGTX0501_005968-T1		
OG0010582		XANPAGTX0501_005971-T1		
OG0010583		XANPAGTX0501_005976-T1		
OG0010584		XANPAGTX0501_006006-T1		
OG0010585		XANPAGTX0501_006021-T1		
OG0010586		XANPAGTX0501_006024-T1		
OG0010587		XANPAGTX0501_006035-T1		
OG0010588		XANPAGTX0501_006039-T1		
OG0010589		XANPAGTX0501_006054-T1		
OG0010590		XANPAGTX0501_006066-T1		
OG0010591		XANPAGTX0501_006069-T1		
OG0010592		XANPAGTX0501_006074-T1		
OG0010593		XANPAGTX0501_006083-T1		
OG0010594		XANPAGTX0501_006088-T1		
OG0010595		XANPAGTX0501_006089-T1		
OG0010596		XANPAGTX0501_006095-T1		
OG0010597		XANPAGTX0501_006102-T1		
OG0010598		XANPAGTX0501_006137-T1		
OG0010599		XANPAGTX0501_006141-T1		
OG0010600		XANPAGTX0501_006155-T1		
OG0010601		XANPAGTX0501_006171-T1		
OG0010602		XANPAGTX0501_006196-T1		
OG0010603		XANPAGTX0501_006216-T1		
OG0010604		XANPAGTX0501_006222-T1		
OG0010605		XANPAGTX0501_006238-T1		
OG0010606		XANPAGTX0501_006247-T1		
OG0010607		XANPAGTX0501_006255-T1		
OG0010608		XANPAGTX0501_006273-T1		
OG0010609		XANPAGTX0501_006276-T1		
OG0010610		XANPAGTX0501_006284-T1		
OG0010611		XANPAGTX0501_006289-T1		
OG0010612		XANPAGTX0501_006299-T1		
OG0010613		XANPAGTX0501_006315-T1		
OG0010614		XANPAGTX0501_006325-T1		
OG0010615		XANPAGTX0501_006333-T1		
OG0010616		XANPAGTX0501_006345-T1		
OG0010617		XANPAGTX0501_006351-T1		
OG0010618		XANPAGTX0501_006373-T1		
OG0010619		XANPAGTX0501_006385-T1		
OG0010620		XANPAGTX0501_006387-T1		
OG0010621		XANPAGTX0501_006388-T1		
OG0010622		XANPAGTX0501_006403-T1		
OG0010623		XANPAGTX0501_006405-T1		
OG0010624		XANPAGTX0501_006411-T1		
OG0010625		XANPAGTX0501_006420-T1		
OG0010626		XANPAGTX0501_006437-T1		
OG0010627		XANPAGTX0501_006450-T1		
OG0010628		XANPAGTX0501_006479-T1		
OG0010629		XANPAGTX0501_006485-T1		
OG0010630		XANPAGTX0501_006498-T1		
OG0010631		XANPAGTX0501_006500-T1		
OG0010632		XANPAGTX0501_006512-T1		
OG0010633		XANPAGTX0501_006529-T1		
OG0010634		XANPAGTX0501_006535-T1		
OG0010635		XANPAGTX0501_006537-T1		
OG0010636		XANPAGTX0501_006556-T1		
OG0010637		XANPAGTX0501_006598-T1		
OG0010638		XANPAGTX0501_006602-T1		
OG0010639		XANPAGTX0501_006603-T1		
OG0010640		XANPAGTX0501_006610-T1		
OG0010641		XANPAGTX0501_006625-T1		
OG0010642		XANPAGTX0501_006635-T1		
OG0010643		XANPAGTX0501_006644-T1		
OG0010644		XANPAGTX0501_006652-T1		
OG0010645		XANPAGTX0501_006674-T1		
OG0010646		XANPAGTX0501_006700-T1		
OG0010647		XANPAGTX0501_006727-T1		
OG0010648		XANPAGTX0501_006729-T1		
OG0010649		XANPAGTX0501_006738-T1		
OG0010650		XANPAGTX0501_006766-T1		
OG0010651		XANPAGTX0501_006774-T1		
OG0010652		XANPAGTX0501_006784-T1		
OG0010653		XANPAGTX0501_006794-T1		
OG0010654		XANPAGTX0501_006800-T1		
OG0010655		XANPAGTX0501_006801-T1		
OG0010656		XANPAGTX0501_006819-T1		
OG0010657		XANPAGTX0501_006826-T1		
OG0010658		XANPAGTX0501_006834-T1		
OG0010659		XANPAGTX0501_006843-T1		
OG0010660		XANPAGTX0501_006864-T1		
OG0010661		XANPAGTX0501_006868-T1		
OG0010662		XANPAGTX0501_006872-T1		
OG0010663		XANPAGTX0501_006875-T1		
OG0010664		XANPAGTX0501_006880-T1		
OG0010665		XANPAGTX0501_006883-T1		
OG0010666		XANPAGTX0501_006895-T1		
OG0010667		XANPAGTX0501_006896-T1		
OG0010668		XANPAGTX0501_006901-T1		
OG0010669		XANPAGTX0501_006920-T1		
OG0010670		XANPAGTX0501_006945-T1		
OG0010671		XANPAGTX0501_006950-T1		
OG0010672		XANPAGTX0501_006952-T1		
OG0010673		XANPAGTX0501_006954-T1		
OG0010674		XANPAGTX0501_006969-T1		
OG0010675		XANPAGTX0501_006971-T1		
OG0010676		XANPAGTX0501_006972-T1		
OG0010677		XANPAGTX0501_006980-T1		
OG0010678		XANPAGTX0501_006995-T1		
OG0010679		XANPAGTX0501_007003-T1		
OG0010680		XANPAGTX0501_007008-T1		
OG0010681		XANPAGTX0501_007026-T1		
OG0010682		XANPAGTX0501_007046-T1		
OG0010683		XANPAGTX0501_007079-T1		
OG0010684		XANPAGTX0501_007080-T1		
OG0010685		XANPAGTX0501_007089-T1		
OG0010686		XANPAGTX0501_007092-T1		
OG0010687		XANPAGTX0501_007121-T1		
OG0010688		XANPAGTX0501_007124-T1		
OG0010689		XANPAGTX0501_007139-T1		
OG0010690		XANPAGTX0501_007150-T1		
OG0010691		XANPAGTX0501_007152-T1		
OG0010692		XANPAGTX0501_007166-T1		
OG0010693		XANPAGTX0501_007167-T1		
OG0010694		XANPAGTX0501_007173-T1		
OG0010695		XANPAGTX0501_007181-T1		
OG0010696		XANPAGTX0501_007195-T1		
OG0010697		XANPAGTX0501_007196-T1		
OG0010698		XANPAGTX0501_007202-T1		
OG0010699		XANPAGTX0501_007203-T1		
OG0010700		XANPAGTX0501_007208-T1		
OG0010701		XANPAGTX0501_007221-T1		
OG0010702		XANPAGTX0501_007225-T1		
OG0010703		XANPAGTX0501_007226-T1		
OG0010704		XANPAGTX0501_007227-T1		
OG0010705		XANPAGTX0501_007228-T1		
OG0010706		XANPAGTX0501_007230-T1		
OG0010707		XANPAGTX0501_007231-T1		
OG0010708		XANPAGTX0501_007235-T1		
OG0010709		XANPAGTX0501_007238-T1		
OG0010710		XANPAGTX0501_007242-T1		
OG0010711		XANPAGTX0501_007257-T1		
OG0010712		XANPAGTX0501_007277-T1		
OG0010713		XANPAGTX0501_007290-T1		
OG0010714		XANPAGTX0501_007293-T1		
OG0010715		XANPAGTX0501_007300-T1		
OG0010716		XANPAGTX0501_007324-T1		
OG0010717		XANPAGTX0501_007345-T1		
OG0010718		XANPAGTX0501_007347-T1		
OG0010719		XANPAGTX0501_007361-T1		
OG0010720		XANPAGTX0501_007365-T1		
OG0010721		XANPAGTX0501_007373-T1		
OG0010722		XANPAGTX0501_007391-T1		
OG0010723		XANPAGTX0501_007396-T1		
OG0010724		XANPAGTX0501_007421-T1		
OG0010725		XANPAGTX0501_007438-T1		
OG0010726		XANPAGTX0501_007466-T1		
OG0010727		XANPAGTX0501_007473-T1		
OG0010728		XANPAGTX0501_007485-T1		
OG0010729		XANPAGTX0501_007490-T1		
OG0010730		XANPAGTX0501_007508-T1		
OG0010731		XANPAGTX0501_007516-T1		
OG0010732		XANPAGTX0501_007520-T1		
OG0010733		XANPAGTX0501_007525-T1		
OG0010734		XANPAGTX0501_007529-T1		
OG0010735		XANPAGTX0501_007554-T1		
OG0010736		XANPAGTX0501_007555-T1		
OG0010737		XANPAGTX0501_007578-T1		
OG0010738		XANPAGTX0501_007579-T1		
OG0010739		XANPAGTX0501_007582-T1		
OG0010740		XANPAGTX0501_007603-T1		
OG0010741		XANPAGTX0501_007633-T1		
OG0010742		XANPAGTX0501_007643-T1		
OG0010743		XANPAGTX0501_007658-T1		
OG0010744		XANPAGTX0501_007715-T1		
OG0010745		XANPAGTX0501_007735-T1		
OG0010746		XANPAGTX0501_007740-T1		
OG0010747		XANPAGTX0501_007745-T1		
OG0010748		XANPAGTX0501_007751-T1		
OG0010749		XANPAGTX0501_007753-T1		
OG0010750		XANPAGTX0501_007763-T1		
OG0010751		XANPAGTX0501_007782-T1		
OG0010752		XANPAGTX0501_007813-T1		
OG0010753		XANPAGTX0501_007827-T1		
OG0010754		XANPAGTX0501_007839-T1		
OG0010755		XANPAGTX0501_007842-T1		
OG0010756		XANPAGTX0501_007844-T1		
OG0010757		XANPAGTX0501_007846-T1		
OG0010758		XANPAGTX0501_007849-T1		
OG0010759		XANPAGTX0501_007860-T1		
OG0010760		XANPAGTX0501_007862-T1		
OG0010761		XANPAGTX0501_007874-T1		
OG0010762		XANPAGTX0501_007876-T1		
OG0010763		XANPAGTX0501_007878-T1		
OG0010764		XANPAGTX0501_007889-T1		
OG0010765		XANPAGTX0501_007890-T1		
OG0010766		XANPAGTX0501_007901-T1		
OG0010767		XANPAGTX0501_007907-T1		
OG0010768		XANPAGTX0501_007916-T1		
OG0010769		XANPAGTX0501_007924-T1		
OG0010770		XANPAGTX0501_007929-T1		
OG0010771		XANPAGTX0501_007932-T1		
OG0010772		XANPAGTX0501_007936-T1		
OG0010773		XANPAGTX0501_007950-T1		
OG0010774		XANPAGTX0501_007986-T1		
OG0010775		XANPAGTX0501_007990-T1		
OG0010776		XANPAGTX0501_007998-T1		
OG0010777		XANPAGTX0501_008002-T1		
OG0010778		XANPAGTX0501_008031-T1		
OG0010779		XANPAGTX0501_008038-T1		
OG0010780		XANPAGTX0501_008049-T1		
OG0010781		XANPAGTX0501_008056-T1		
OG0010782		XANPAGTX0501_008059-T1		
OG0010783		XANPAGTX0501_008060-T1		
OG0010784		XANPAGTX0501_008061-T1		
OG0010785		XANPAGTX0501_008068-T1		
OG0010786		XANPAGTX0501_008078-T1		
OG0010787		XANPAGTX0501_008082-T1		
OG0010788		XANPAGTX0501_008098-T1		
OG0010789		XANPAGTX0501_008113-T1		
OG0010790		XANPAGTX0501_008121-T1		
OG0010791		XANPAGTX0501_008156-T1		
OG0010792		XANPAGTX0501_008158-T1		
OG0010793		XANPAGTX0501_008173-T1		
OG0010794		XANPAGTX0501_008196-T1		
OG0010795		XANPAGTX0501_008203-T1		
OG0010796		XANPAGTX0501_008273-T1		
OG0010797		XANPAGTX0501_008280-T1		
OG0010798		XANPAGTX0501_008291-T1		
OG0010799		XANPAGTX0501_008296-T1		
OG0010800		XANPAGTX0501_008313-T1		
OG0010801		XANPAGTX0501_008316-T1		
OG0010802		XANPAGTX0501_008322-T1		
OG0010803		XANPAGTX0501_008328-T1		
OG0010804		XANPAGTX0501_008330-T1		
OG0010805		XANPAGTX0501_008333-T1		
OG0010806		XANPAGTX0501_008334-T1		
OG0010807		XANPAGTX0501_008357-T1		
OG0010808		XANPAGTX0501_008358-T1		
OG0010809		XANPAGTX0501_008361-T1		
OG0010810		XANPAGTX0501_008367-T1		
OG0010811		XANPAGTX0501_008410-T1		
OG0010812		XANPAGTX0501_008414-T1		
OG0010813		XANPAGTX0501_008415-T1		
OG0010814		XANPAGTX0501_008444-T1		
OG0010815		XANPAGTX0501_008455-T1		
OG0010816		XANPAGTX0501_008474-T1		
OG0010817		XANPAGTX0501_008529-T1		
OG0010818		XANPAGTX0501_008552-T1		
OG0010819		XANPAGTX0501_008560-T1		
OG0010820		XANPAGTX0501_008578-T1		
OG0010821		XANPAGTX0501_008590-T1		
OG0010822		XANPAGTX0501_008655-T1		
OG0010823		XANPAGTX0501_008659-T1		
OG0010824		XANPAGTX0501_008661-T1		
OG0010825		XANPAGTX0501_008668-T1		
OG0010826		XANPAGTX0501_008676-T1		
OG0010827		XANPAGTX0501_008697-T1		
OG0010828		XANPAGTX0501_008706-T1		
OG0010829		XANPAGTX0501_008709-T1		
OG0010830		XANPAGTX0501_008712-T1		
OG0010831		XANPAGTX0501_008714-T1		
OG0010832		XANPAGTX0501_008721-T1		
OG0010833		XANPAGTX0501_008729-T1		
OG0010834		XANPAGTX0501_008730-T1		
OG0010835		XANPAGTX0501_008734-T1		
OG0010836		XANPAGTX0501_008736-T1		
OG0010837		XANPAGTX0501_008738-T1		
OG0010838		XANPAGTX0501_008747-T1		
OG0010839		XANPAGTX0501_008759-T1		
OG0010840		XANPAGTX0501_008782-T1		
OG0010841		XANPAGTX0501_008786-T1		
OG0010842		XANPAGTX0501_008789-T1		
OG0010843		XANPAGTX0501_008804-T1		
OG0010844		XANPAGTX0501_008805-T1		
OG0010845		XANPAGTX0501_008807-T1		
OG0010846		XANPAGTX0501_008813-T1		
OG0010847		XANPAGTX0501_008829-T1		
OG0010848		XANPAGTX0501_008833-T1		
OG0010849		XANPAGTX0501_008835-T1		
OG0010850		XANPAGTX0501_008838-T1		
OG0010851		XANPAGTX0501_008840-T1		
OG0010852		XANPAGTX0501_008859-T1		
OG0010853		XANPAGTX0501_008863-T1		
OG0010854		XANPAGTX0501_008885-T1		
OG0010855		XANPAGTX0501_008889-T1		
OG0010856		XANPAGTX0501_008893-T1		
OG0010857		XANPAGTX0501_008896-T1		
OG0010858		XANPAGTX0501_008899-T1		
OG0010859		XANPAGTX0501_008906-T1		
OG0010860		XANPAGTX0501_008910-T1		
OG0010861		XANPAGTX0501_008929-T1		
OG0010862		XANPAGTX0501_008932-T1		
OG0010863		XANPAGTX0501_008973-T1		
OG0010864		XANPAGTX0501_008981-T1		
OG0010865		XANPAGTX0501_008982-T1		
OG0010866		XANPAGTX0501_008986-T1		
OG0010867		XANPAGTX0501_008988-T1		
OG0010868		XANPAGTX0501_008989-T1		
OG0010869		XANPAGTX0501_009002-T1		
OG0010870		XANPAGTX0501_009009-T1		
OG0010871		XANPAGTX0501_009025-T1		
OG0010872		XANPAGTX0501_009032-T1		
OG0010873		XANPAGTX0501_009033-T1		
OG0010874		XANPAGTX0501_009036-T1		
OG0010875		XANPAGTX0501_009046-T1		
OG0010876		XANPAGTX0501_009050-T1		
OG0010877		XANPAGTX0501_009064-T1		
OG0010878		XANPAGTX0501_009070-T1		
OG0010879		XANPAGTX0501_009092-T1		
OG0010880		XANPAGTX0501_009102-T1		
OG0010881		XANPAGTX0501_009103-T1		
OG0010882		XANPAGTX0501_009108-T1		
OG0010883		XANPAGTX0501_009117-T1		
OG0010884		XANPAGTX0501_009127-T1		
OG0010885		XANPAGTX0501_009139-T1		
OG0010886		XANPAGTX0501_009145-T1		
OG0010887		XANPAGTX0501_009172-T1		
OG0010888		XANPAGTX0501_009174-T1		
OG0010889		XANPAGTX0501_009179-T1		
OG0010890		XANPAGTX0501_009207-T1		
OG0010891		XANPAGTX0501_009223-T1		
OG0010892		XANPAGTX0501_009231-T1		
OG0010893		XANPAGTX0501_009234-T1		
OG0010894		XANPAGTX0501_009246-T1		
OG0010895		XANPAGTX0501_009249-T1		
OG0010896		XANPAGTX0501_009257-T1		
OG0010897		XANPAGTX0501_009294-T1		
OG0010898		XANPAGTX0501_009297-T1		
OG0010899		XANPAGTX0501_009304-T1		
OG0010900		XANPAGTX0501_009307-T1		
OG0010901		XANPAGTX0501_009329-T1		
OG0010902		XANPAGTX0501_009330-T1		
OG0010903		XANPAGTX0501_009374-T1		
OG0010904		XANPAGTX0501_009389-T1		
OG0010905		XANPAGTX0501_009415-T1		
OG0010906		XANPAGTX0501_009443-T1		
OG0010907		XANPAGTX0501_009467-T1		
OG0010908		XANPAGTX0501_009468-T1		
OG0010909		XANPAGTX0501_009524-T1		
OG0010910		XANPAGTX0501_009542-T1		
OG0010911		XANPAGTX0501_009547-T1		
OG0010912		XANPAGTX0501_009555-T1		
OG0010913		XANPAGTX0501_009559-T1		
OG0010914		XANPAGTX0501_009561-T1		
OG0010915		XANPAGTX0501_009565-T1		
OG0010916		XANPAGTX0501_009575-T1		
OG0010917		XANPAGTX0501_009583-T1		
OG0010918		XANPAGTX0501_009588-T1		
OG0010919		XANPAGTX0501_009596-T1		
OG0010920		XANPAGTX0501_009605-T1		
OG0010921		XANPAGTX0501_009612-T1		
OG0010922		XANPAGTX0501_009620-T1		
OG0010923		XANPAGTX0501_009621-T1		
OG0010924		XANPAGTX0501_009627-T1		
OG0010925		XANPAGTX0501_009642-T1		
OG0010926		XANPAGTX0501_009647-T1		
OG0010927		XANPAGTX0501_009648-T1		
OG0010928		XANPAGTX0501_009664-T1		
OG0010929		XANPAGTX0501_009670-T1		
OG0010930		XANPAGTX0501_009687-T1		
OG0010931		XANPAGTX0501_009691-T1		
OG0010932		XANPAGTX0501_009697-T1		
OG0010933		XANPAGTX0501_009702-T1		
OG0010934		XANPAGTX0501_009704-T1		
OG0010935		XANPAGTX0501_009727-T1		
OG0010936		XANPAGTX0501_009742-T1		
OG0010937		XANPAGTX0501_009746-T1		
OG0010938		XANPAGTX0501_009752-T1		
OG0010939		XANPAGTX0501_009754-T1		
OG0010940		XANPAGTX0501_009757-T1		
OG0010941		XANPAGTX0501_009759-T1		
OG0010942		XANPAGTX0501_009765-T1		
OG0010943		XANPAGTX0501_009767-T1		
OG0010944		XANPAGTX0501_009776-T1		
OG0010945		XANPAGTX0501_009784-T1		
OG0010946		XANPAGTX0501_009788-T1		
OG0010947		XANPAGTX0501_009792-T1		
OG0010948		XANPAGTX0501_009794-T1		
OG0010949		XANPAGTX0501_009801-T1		
OG0010950		XANPAGTX0501_009818-T1		
OG0010951		XANPAGTX0501_009823-T1		
OG0010952		XANPAGTX0501_009825-T1		
OG0010953		XANPAGTX0501_009830-T1		
OG0010954		XANPAGTX0501_009840-T1		
OG0010955		XANPAGTX0501_009845-T1		
OG0010956		XANPAGTX0501_009858-T1		
OG0010957		XANPAGTX0501_009875-T1		
OG0010958		XANPAGTX0501_009886-T1		
OG0010959		XANPAGTX0501_009888-T1		
OG0010960		XANPAGTX0501_009892-T1		
OG0010961		XANPAGTX0501_009903-T1		
OG0010962		XANPAGTX0501_009907-T1		
OG0010963		XANPAGTX0501_009915-T1		
OG0010964		XANPAGTX0501_009916-T1		
OG0010965		XANPAGTX0501_009919-T1		
OG0010966		XANPAGTX0501_009921-T1		
OG0010967		XANPAGTX0501_009924-T1		
OG0010968		XANPAGTX0501_009933-T1		
OG0010969		XANPAGTX0501_009935-T1		
OG0010970		XANPAGTX0501_009944-T1		
OG0010971		XANPAGTX0501_009956-T1		
OG0010972		XANPAGTX0501_009957-T1		
OG0010973		XANPAGTX0501_009977-T1		
OG0010974		XANPAGTX0501_009983-T1		
OG0010975		XANPAGTX0501_009989-T1		
OG0010976		XANPAGTX0501_009994-T1		
OG0010977		XANPAGTX0501_009997-T1		
OG0010978		XANPAGTX0501_010001-T1		
OG0010979		XANPAGTX0501_010004-T1		
OG0010980		XANPAGTX0501_010024-T1		
OG0010981		XANPAGTX0501_010048-T1		
OG0010982		XANPAGTX0501_010071-T1		
OG0010983		XANPAGTX0501_010074-T1		
OG0010984		XANPAGTX0501_010085-T1		
OG0010985		XANPAGTX0501_010087-T1		
OG0010986		XANPAGTX0501_010089-T1		
OG0010987		XANPAGTX0501_010094-T1		
OG0010988		XANPAGTX0501_010111-T1		
OG0010989		XANPAGTX0501_010114-T1		
OG0010990		XANPAGTX0501_010115-T1		
OG0010991		XANPAGTX0501_010129-T1		
OG0010992		XANPAGTX0501_010136-T1		
OG0010993		XANPAGTX0501_010141-T1		
OG0010994		XANPAGTX0501_010150-T1		
OG0010995		XANPAGTX0501_010187-T1		
OG0010996		XANPAGTX0501_010193-T1		
OG0010997		XANPAGTX0501_010202-T1		
OG0010998		XANPAGTX0501_010216-T1		
OG0010999		XANPAGTX0501_010225-T1		
OG0011000		XANPAGTX0501_010231-T1		
OG0011001		XANPAGTX0501_010238-T1		
OG0011002		XANPAGTX0501_010245-T1		
OG0011003		XANPAGTX0501_010258-T1		
OG0011004		XANPAGTX0501_010280-T1		
OG0011005		XANPAGTX0501_010283-T1		
OG0011006		XANPAGTX0501_010303-T1		
OG0011007		XANPAGTX0501_010305-T1		
OG0011008		XANPAGTX0501_010310-T1		
OG0011009		XANPAGTX0501_010317-T1		
OG0011010		XANPAGTX0501_010330-T1		
OG0011011		XANPAGTX0501_010333-T1		
OG0011012		XANPAGTX0501_010346-T1		
OG0011013		XANPAGTX0501_010351-T1		
OG0011014		XANPAGTX0501_010357-T1		
OG0011015		XANPAGTX0501_010359-T1		
OG0011016		XANPAGTX0501_010362-T1		
OG0011017		XANPAGTX0501_010372-T1		
OG0011018		XANPAGTX0501_010395-T1		
OG0011019		XANPAGTX0501_010402-T1		
OG0011020		XANPAGTX0501_010404-T1		
OG0011021		XANPAGTX0501_010410-T1		
OG0011022		XANPAGTX0501_010415-T1		
OG0011023		XANPAGTX0501_010417-T1		
OG0011024		XANPAGTX0501_010431-T1		
OG0011025		XANPAGTX0501_010435-T1		
OG0011026		XANPAGTX0501_010446-T1		
OG0011027		XANPAGTX0501_010451-T1		
OG0011028		XANPAGTX0501_010453-T1		
OG0011029		XANPAGTX0501_010455-T1		
OG0011030		XANPAGTX0501_010463-T1		
OG0011031		XANPAGTX0501_010467-T1		
OG0011032		XANPAGTX0501_010476-T1		
OG0011033		XANPAGTX0501_010486-T1		
OG0011034		XANPAGTX0501_010489-T1		
OG0011035		XANPAGTX0501_010492-T1		
OG0011036		XANPAGTX0501_010494-T1		
OG0011037		XANPAGTX0501_010510-T1		
OG0011038		XANPAGTX0501_010511-T1		
OG0011039		XANPAGTX0501_010528-T1		
OG0011040		XANPAGTX0501_010533-T1		
OG0011041		XANPAGTX0501_010535-T1		
OG0011042		XANPAGTX0501_010537-T1		
OG0011043		XANPAGTX0501_010540-T1		
OG0011044		XANPAGTX0501_010545-T1		
OG0011045		XANPAGTX0501_010554-T1		
OG0011046		XANPAGTX0501_010555-T1		
OG0011047		XANPAGTX0501_010560-T1		
OG0011048		XANPAGTX0501_010572-T1		
OG0011049		XANPAGTX0501_010579-T1		
OG0011050		XANPAGTX0501_010582-T1		
OG0011051		XANPAGTX0501_010592-T1		
OG0011052		XANPAGTX0501_010601-T1		
OG0011053		XANPAGTX0501_010629-T1		
OG0011054		XANPAGTX0501_010631-T1		
OG0011055		XANPAGTX0501_010634-T1		
OG0011056		XANPAGTX0501_010642-T1		
OG0011057		XANPAGTX0501_010644-T1		
OG0011058		XANPAGTX0501_010659-T1		
OG0011059		XANPAGTX0501_010664-T1		
OG0011060		XANPAGTX0501_010670-T1		
OG0011061		XANPAGTX0501_010682-T1		
OG0011062		XANPAGTX0501_010720-T1		
OG0011063		XANPAGTX0501_010725-T1		
OG0011064		XANPAGTX0501_010726-T1		
OG0011065		XANPAGTX0501_010728-T1		
OG0011066		XANPAGTX0501_010729-T1		
OG0011067		XANPAGTX0501_010739-T1		
OG0011068		XANPAGTX0501_010743-T1		
OG0011069		XANPAGTX0501_010745-T1		
OG0011070		XANPAGTX0501_010746-T1		
OG0011071		XANPAGTX0501_010750-T1		
OG0011072		XANPAGTX0501_010751-T1		
OG0011073		XANPAGTX0501_010752-T1		
OG0011074		XANPAGTX0501_010754-T1		
OG0011075		XANPAGTX0501_010755-T1		
OG0011076		XANPAGTX0501_010756-T1		
OG0011077		XANPAGTX0501_010760-T1		
OG0011078		XANPAGTX0501_010761-T1		
OG0011079		XANPAGTX0501_010762-T1		
OG0011080			XANPAOZ2100_000039-T1	
OG0011081			XANPAOZ2100_000040-T1	
OG0011082			XANPAOZ2100_000074-T1	
OG0011083			XANPAOZ2100_000086-T1	
OG0011084			XANPAOZ2100_000100-T1	
OG0011085			XANPAOZ2100_000205-T1	
OG0011086			XANPAOZ2100_000249-T1	
OG0011087			XANPAOZ2100_000267-T1	
OG0011088			XANPAOZ2100_000269-T1	
OG0011089			XANPAOZ2100_000270-T1	
OG0011090			XANPAOZ2100_000316-T1	
OG0011091			XANPAOZ2100_000468-T1	
OG0011092			XANPAOZ2100_000503-T1	
OG0011093			XANPAOZ2100_000632-T1	
OG0011094			XANPAOZ2100_000728-T1	
OG0011095			XANPAOZ2100_000780-T1	
OG0011096			XANPAOZ2100_000829-T1	
OG0011097			XANPAOZ2100_000863-T1	
OG0011098			XANPAOZ2100_000931-T1	
OG0011099			XANPAOZ2100_001207-T1	
OG0011100			XANPAOZ2100_001210-T1	
OG0011101			XANPAOZ2100_001248-T1	
OG0011102			XANPAOZ2100_001261-T1	
OG0011103			XANPAOZ2100_001272-T1	
OG0011104			XANPAOZ2100_001317-T1	
OG0011105			XANPAOZ2100_001341-T1	
OG0011106			XANPAOZ2100_001366-T1	
OG0011107			XANPAOZ2100_001368-T1	
OG0011108			XANPAOZ2100_001490-T1	
OG0011109			XANPAOZ2100_001520-T1	
OG0011110			XANPAOZ2100_001599-T1	
OG0011111			XANPAOZ2100_001775-T1	
OG0011112			XANPAOZ2100_001777-T1	
OG0011113			XANPAOZ2100_001821-T1	
OG0011114			XANPAOZ2100_001894-T1	
OG0011115			XANPAOZ2100_001910-T1	
OG0011116			XANPAOZ2100_001937-T1	
OG0011117			XANPAOZ2100_002060-T1	
OG0011118			XANPAOZ2100_002073-T1	
OG0011119			XANPAOZ2100_002128-T1	
OG0011120			XANPAOZ2100_002192-T1	
OG0011121			XANPAOZ2100_002225-T1	
OG0011122			XANPAOZ2100_002269-T1	
OG0011123			XANPAOZ2100_002396-T1	
OG0011124			XANPAOZ2100_002427-T1	
OG0011125			XANPAOZ2100_002468-T1	
OG0011126			XANPAOZ2100_002513-T1	
OG0011127			XANPAOZ2100_002601-T1	
OG0011128			XANPAOZ2100_002634-T1	
OG0011129			XANPAOZ2100_002729-T1	
OG0011130			XANPAOZ2100_002742-T1	
OG0011131			XANPAOZ2100_002811-T1	
OG0011132			XANPAOZ2100_002814-T1	
OG0011133			XANPAOZ2100_002875-T1	
OG0011134			XANPAOZ2100_002881-T1	
OG0011135			XANPAOZ2100_002950-T1	
OG0011136			XANPAOZ2100_002951-T1	
OG0011137			XANPAOZ2100_003065-T1	
OG0011138			XANPAOZ2100_003080-T1	
OG0011139			XANPAOZ2100_003208-T1	
OG0011140			XANPAOZ2100_003216-T1	
OG0011141			XANPAOZ2100_003295-T1	
OG0011142			XANPAOZ2100_003313-T1	
OG0011143			XANPAOZ2100_003373-T1	
OG0011144			XANPAOZ2100_003382-T1	
OG0011145			XANPAOZ2100_003386-T1	
OG0011146			XANPAOZ2100_003400-T1	
OG0011147			XANPAOZ2100_003406-T1	
OG0011148			XANPAOZ2100_003411-T1	
OG0011149			XANPAOZ2100_003428-T1	
OG0011150			XANPAOZ2100_003629-T1	
OG0011151			XANPAOZ2100_003653-T1	
OG0011152			XANPAOZ2100_003674-T1	
OG0011153			XANPAOZ2100_003781-T1	
OG0011154			XANPAOZ2100_003843-T1	
OG0011155			XANPAOZ2100_003945-T1	
OG0011156			XANPAOZ2100_003951-T1	
OG0011157			XANPAOZ2100_004127-T1	
OG0011158			XANPAOZ2100_004180-T1	
OG0011159			XANPAOZ2100_004204-T1	
OG0011160			XANPAOZ2100_004267-T1	
OG0011161			XANPAOZ2100_004292-T1	
OG0011162			XANPAOZ2100_004338-T1	
OG0011163			XANPAOZ2100_004366-T1	
OG0011164			XANPAOZ2100_004425-T1	
OG0011165			XANPAOZ2100_004475-T1	
OG0011166			XANPAOZ2100_004544-T1	
OG0011167			XANPAOZ2100_004594-T1	
OG0011168			XANPAOZ2100_004620-T1	
OG0011169			XANPAOZ2100_004626-T1	
OG0011170			XANPAOZ2100_004638-T1	
OG0011171			XANPAOZ2100_004640-T1	
OG0011172			XANPAOZ2100_004651-T1	
OG0011173			XANPAOZ2100_004652-T1	
OG0011174			XANPAOZ2100_004653-T1	
OG0011175			XANPAOZ2100_004708-T1	
OG0011176			XANPAOZ2100_004721-T1	
OG0011177			XANPAOZ2100_004725-T1	
OG0011178			XANPAOZ2100_004728-T1	
OG0011179			XANPAOZ2100_004732-T1	
OG0011180			XANPAOZ2100_004748-T1	
OG0011181			XANPAOZ2100_004754-T1	
OG0011182			XANPAOZ2100_004760-T1	
OG0011183			XANPAOZ2100_004783-T1	
OG0011184			XANPAOZ2100_004793-T1	
OG0011185			XANPAOZ2100_004833-T1	
OG0011186			XANPAOZ2100_004847-T1	
OG0011187			XANPAOZ2100_004967-T1	
OG0011188			XANPAOZ2100_005048-T1	
OG0011189			XANPAOZ2100_005159-T1	
OG0011190			XANPAOZ2100_005217-T1	
OG0011191			XANPAOZ2100_005233-T1	
OG0011192			XANPAOZ2100_005242-T1	
OG0011193			XANPAOZ2100_005243-T1	
OG0011194			XANPAOZ2100_005266-T1	
OG0011195			XANPAOZ2100_005280-T1	
OG0011196			XANPAOZ2100_005311-T1	
OG0011197			XANPAOZ2100_005319-T1	
OG0011198			XANPAOZ2100_005412-T1	
OG0011199			XANPAOZ2100_005447-T1	
OG0011200			XANPAOZ2100_005486-T1	
OG0011201			XANPAOZ2100_005531-T1	
OG0011202			XANPAOZ2100_005583-T1	
OG0011203			XANPAOZ2100_005629-T1	
OG0011204			XANPAOZ2100_005630-T1	
OG0011205			XANPAOZ2100_005653-T1	
OG0011206			XANPAOZ2100_005656-T1	
OG0011207			XANPAOZ2100_005784-T1	
OG0011208			XANPAOZ2100_005796-T1	
OG0011209			XANPAOZ2100_005803-T1	
OG0011210			XANPAOZ2100_005883-T1	
OG0011211			XANPAOZ2100_005983-T1	
OG0011212			XANPAOZ2100_006137-T1	
OG0011213			XANPAOZ2100_006140-T1	
OG0011214			XANPAOZ2100_006149-T1	
OG0011215			XANPAOZ2100_006199-T1	
OG0011216			XANPAOZ2100_006284-T1	
OG0011217			XANPAOZ2100_006327-T1	
OG0011218			XANPAOZ2100_006357-T1	
OG0011219			XANPAOZ2100_006442-T1	
OG0011220			XANPAOZ2100_006485-T1	
OG0011221			XANPAOZ2100_006499-T1	
OG0011222			XANPAOZ2100_006534-T1	
OG0011223			XANPAOZ2100_006560-T1	
OG0011224			XANPAOZ2100_006563-T1	
OG0011225			XANPAOZ2100_006595-T1	
OG0011226			XANPAOZ2100_006684-T1	
OG0011227			XANPAOZ2100_006718-T1	
OG0011228			XANPAOZ2100_006722-T1	
OG0011229			XANPAOZ2100_006770-T1	
OG0011230			XANPAOZ2100_006798-T1	
OG0011231			XANPAOZ2100_006873-T1	
OG0011232			XANPAOZ2100_006882-T1	
OG0011233			XANPAOZ2100_006896-T1	
OG0011234			XANPAOZ2100_007065-T1	
OG0011235			XANPAOZ2100_007088-T1	
OG0011236			XANPAOZ2100_007098-T1	
OG0011237			XANPAOZ2100_007144-T1	
OG0011238			XANPAOZ2100_007171-T1	
OG0011239			XANPAOZ2100_007303-T1	
OG0011240			XANPAOZ2100_007339-T1	
OG0011241			XANPAOZ2100_007546-T1	
OG0011242			XANPAOZ2100_007602-T1	
OG0011243			XANPAOZ2100_007629-T1	
OG0011244			XANPAOZ2100_007659-T1	
OG0011245			XANPAOZ2100_007663-T1	
OG0011246			XANPAOZ2100_007775-T1	
OG0011247			XANPAOZ2100_007780-T1	
OG0011248			XANPAOZ2100_007821-T1	
OG0011249			XANPAOZ2100_007856-T1	
OG0011250			XANPAOZ2100_007947-T1	
OG0011251			XANPAOZ2100_007961-T1	
OG0011252			XANPAOZ2100_007991-T1	
OG0011253			XANPAOZ2100_008003-T1	
OG0011254			XANPAOZ2100_008004-T1	
OG0011255			XANPAOZ2100_008008-T1	
OG0011256			XANPAOZ2100_008012-T1	
OG0011257			XANPAOZ2100_008146-T1	
OG0011258			XANPAOZ2100_008372-T1	
OG0011259			XANPAOZ2100_008385-T1	
OG0011260			XANPAOZ2100_008467-T1	
OG0011261			XANPAOZ2100_008541-T1	
OG0011262			XANPAOZ2100_008575-T1	
OG0011263			XANPAOZ2100_008623-T1	
OG0011264			XANPAOZ2100_008694-T1	
OG0011265			XANPAOZ2100_008706-T1	
OG0011266			XANPAOZ2100_008781-T1	
OG0011267			XANPAOZ2100_008788-T1	
OG0011268			XANPAOZ2100_008804-T1	
OG0011269			XANPAOZ2100_008846-T1	
OG0011270			XANPAOZ2100_008857-T1	
OG0011271			XANPAOZ2100_008858-T1	
OG0011272			XANPAOZ2100_008879-T1	
OG0011273			XANPAOZ2100_008952-T1	
OG0011274			XANPAOZ2100_008953-T1	
OG0011275			XANPAOZ2100_008955-T1	
OG0011276			XANPAOZ2100_008986-T1	
OG0011277			XANPAOZ2100_009016-T1	
OG0011278				XANPARI20_000030-T1
OG0011279				XANPARI20_000075-T1
OG0011280				XANPARI20_000236-T1
OG0011281				XANPARI20_000240-T1
OG0011282				XANPARI20_000280-T1
OG0011283				XANPARI20_000451-T1
OG0011284				XANPARI20_000624-T1
OG0011285				XANPARI20_000642-T1
OG0011286				XANPARI20_000724-T1
OG0011287				XANPARI20_000761-T1
OG0011288				XANPARI20_000766-T1
OG0011289				XANPARI20_000924-T1
OG0011290				XANPARI20_000941-T1
OG0011291				XANPARI20_001217-T1
OG0011292				XANPARI20_001333-T1
OG0011293				XANPARI20_001335-T1
OG0011294				XANPARI20_001812-T1
OG0011295				XANPARI20_001893-T1
OG0011296				XANPARI20_001894-T1
OG0011297				XANPARI20_002014-T1
OG0011298				XANPARI20_002023-T1
OG0011299				XANPARI20_002188-T1
OG0011300				XANPARI20_002327-T1
OG0011301				XANPARI20_002392-T1
OG0011302				XANPARI20_002511-T1
OG0011303				XANPARI20_002513-T1
OG0011304				XANPARI20_002515-T1
OG0011305				XANPARI20_002565-T1
OG0011306				XANPARI20_002580-T1
OG0011307				XANPARI20_002637-T1
OG0011308				XANPARI20_002715-T1
OG0011309				XANPARI20_002718-T1
OG0011310				XANPARI20_002858-T1
OG0011311				XANPARI20_002903-T1
OG0011312				XANPARI20_002984-T1
OG0011313				XANPARI20_003029-T1
OG0011314				XANPARI20_003045-T1
OG0011315				XANPARI20_003120-T1
OG0011316				XANPARI20_003216-T1
OG0011317				XANPARI20_003239-T1
OG0011318				XANPARI20_003311-T1
OG0011319				XANPARI20_003345-T1
OG0011320				XANPARI20_003352-T1
OG0011321				XANPARI20_003402-T1
OG0011322				XANPARI20_003462-T1
OG0011323				XANPARI20_003629-T1
OG0011324				XANPARI20_003697-T1
OG0011325				XANPARI20_003701-T1
OG0011326				XANPARI20_003885-T1
OG0011327				XANPARI20_003990-T1
OG0011328				XANPARI20_004052-T1
OG0011329				XANPARI20_004095-T1
OG0011330				XANPARI20_004105-T1
OG0011331				XANPARI20_004111-T1
OG0011332				XANPARI20_004227-T1
OG0011333				XANPARI20_004331-T1
OG0011334				XANPARI20_004471-T1
OG0011335				XANPARI20_004483-T1
OG0011336				XANPARI20_004487-T1
OG0011337				XANPARI20_004488-T1
OG0011338				XANPARI20_004490-T1
OG0011339				XANPARI20_004493-T1
OG0011340				XANPARI20_004501-T1
OG0011341				XANPARI20_004513-T1
OG0011342				XANPARI20_004518-T1
OG0011343				XANPARI20_004521-T1
OG0011344				XANPARI20_004529-T1
OG0011345				XANPARI20_004535-T1
OG0011346				XANPARI20_004662-T1
OG0011347				XANPARI20_004701-T1
OG0011348				XANPARI20_004725-T1
OG0011349				XANPARI20_004843-T1
OG0011350				XANPARI20_004887-T1
OG0011351				XANPARI20_004935-T1
OG0011352				XANPARI20_004963-T1
OG0011353				XANPARI20_005040-T1
OG0011354				XANPARI20_005044-T1
OG0011355				XANPARI20_005137-T1
OG0011356				XANPARI20_005223-T1
OG0011357				XANPARI20_005314-T1
OG0011358				XANPARI20_005387-T1
OG0011359				XANPARI20_005406-T1
OG0011360				XANPARI20_005410-T1
OG0011361				XANPARI20_005414-T1
OG0011362				XANPARI20_005544-T1
OG0011363				XANPARI20_005567-T1
OG0011364				XANPARI20_005612-T1
OG0011365				XANPARI20_005644-T1
OG0011366				XANPARI20_005659-T1
OG0011367				XANPARI20_005702-T1
OG0011368				XANPARI20_005703-T1
OG0011369				XANPARI20_005704-T1
OG0011370				XANPARI20_005705-T1
OG0011371				XANPARI20_005768-T1
OG0011372				XANPARI20_005769-T1
OG0011373				XANPARI20_005834-T1
OG0011374				XANPARI20_006217-T1
OG0011375				XANPARI20_006276-T1
OG0011376				XANPARI20_006343-T1
OG0011377				XANPARI20_006355-T1
OG0011378				XANPARI20_006369-T1
OG0011379				XANPARI20_006467-T1
OG0011380				XANPARI20_006542-T1
OG0011381				XANPARI20_006680-T1
OG0011382				XANPARI20_006712-T1
OG0011383				XANPARI20_006724-T1
OG0011384				XANPARI20_006725-T1
OG0011385				XANPARI20_006817-T1
OG0011386				XANPARI20_006873-T1
OG0011387				XANPARI20_006879-T1
OG0011388				XANPARI20_006968-T1
OG0011389				XANPARI20_006979-T1
OG0011390				XANPARI20_007023-T1
OG0011391				XANPARI20_007337-T1
OG0011392				XANPARI20_007344-T1
OG0011393				XANPARI20_007649-T1
OG0011394				XANPARI20_007696-T1
OG0011395				XANPARI20_007699-T1
OG0011396				XANPARI20_007730-T1
OG0011397				XANPARI20_008022-T1
OG0011398				XANPARI20_008059-T1
OG0011399				XANPARI20_008071-T1
OG0011400				XANPARI20_008087-T1
OG0011401				XANPARI20_008242-T1
OG0011402				XANPARI20_008265-T1
OG0011403				XANPARI20_008318-T1
OG0011404				XANPARI20_008351-T1
OG0011405				XANPARI20_008437-T1
OG0011406				XANPARI20_008505-T1
OG0011407				XANPARI20_008561-T1
OG0011408				XANPARI20_008566-T1
OG0011409				XANPARI20_008647-T1
OG0011410				XANPARI20_008845-T1
OG0011411				XANPARI20_008846-T1
OG0011412				XANPARI20_008859-T1
OG0011413				XANPARI20_008865-T1
OG0011414				XANPARI20_008879-T1
OG0011415				XANPARI20_008951-T1
OG0011416				XANPARI20_008990-T1
OG0011417				XANPARI20_009019-T1
OG0011418				XANPARI20_009080-T1
OG0011419				XANPARI20_009100-T1
OG0011420				XANPARI20_009114-T1
OG0011421				XANPARI20_009166-T1
